,barcode,x,y
12,CTCCAAGTGAGCCAAT-1,-1602.7149954128795,2159.4733791972253
13,ACTGAGCAAGAACACG-1,-1601.1484326613345,2117.187035530398
14,TGCATAAGTTCCTGAA-1,-1599.5887351724718,2075.112214095859
15,GGCATCGAACCTCATA-1,-1598.2156826360913,2032.8077676382497
16,AAGCGAGCCGTCCGCT-1,-1596.649119884546,1990.521423971423
17,GCGGTGGACATCAATC-1,-1595.0825571330013,1948.2350803045958
18,CTCCAGTGGTTCTAGG-1,-1593.5159943814565,1905.948736637769
19,CTATCGATCACGATTA-1,-1591.9494316299117,1863.6623929709422
20,ACTACCTTGGTTGACC-1,-1590.5763790935312,1821.357946513332
21,GTACGAAGGCGTCTAT-1,-1589.0098163419862,1779.0716028465054
22,AAGGTTACTATGACGC-1,-1587.4501188531235,1736.9967814119666
23,CGTACATCGATGTCTT-1,-1585.8835561015783,1694.7104377451396
24,CGGCTTCCTACTGGTT-1,-1584.3169933500337,1652.4240940783127
25,TCAGTCGAGCGATGAA-1,-1582.943940813653,1610.119647620703
26,GTCCGTACGGATGCTC-1,-1581.3773780621082,1567.833303953876
27,CTACGCCGCATGAATG-1,-1579.8108153105632,1525.5469602870494
28,GTACTTCCATCTGGCA-1,-1578.2442525590186,1483.2606166202224
29,ATGTTACCTCGTCTGT-1,-1576.6776898074738,1440.9742729533955
30,GGTCTGTATCTTGTCG-1,-1575.304637271093,1398.6698264957856
31,ACGCAAGGCGTCCAAT-1,-1573.74493978223,1356.5950050612466
32,CCACGCCTGGAGAAGT-1,-1572.1783770306852,1314.3086613944197
33,TCTGCAGTAGTTATGA-1,-1570.6118142791404,1272.0223177275932
76,GTTGACGCTCGATGGC-1,-1635.6992465832554,2135.1712703721864
77,CTTCCGAGACATTGAT-1,-1634.132683831711,2092.8849267053597
78,CGCCTCGGCTACTCGC-1,-1632.5661210801659,2050.598583038533
79,TAGTGCACTTGTACCG-1,-1630.9995583286213,2008.3122393717058
80,CACGAACGGTCTTCAG-1,-1629.4329955770763,1966.025895704879
81,GACGCCGAACTTCCGT-1,-1628.0599430406958,1923.721449247269
82,CGCTCGTTATAGATCT-1,-1626.493380289151,1881.4351055804423
83,TGTCAAGAACTCGGCG-1,-1624.933682800288,1839.3602841459035
84,GGCCATGCGTCTGTCG-1,-1623.3671200487431,1797.0739404790766
85,ACAGAATACATACTAA-1,-1621.800557297198,1754.7875968122496
86,GGTGTCATACTATTAG-1,-1620.4275047608176,1712.4831503546397
87,CATCGGATACGCACAG-1,-1618.860942009273,1670.1968066878128
88,TGCATTGATAGACATA-1,-1617.294379257728,1627.910463020986
89,GACATCAGATTCTTAC-1,-1615.7278165061834,1585.6241193541591
90,CTTCCTGGTGTTGGAC-1,-1614.1612537546382,1543.3377756873324
91,CAGTCTGGACAATCTA-1,-1612.7882012182577,1501.0333292297225
92,TCAGTCTGAGTGCTTG-1,-1611.2285037293946,1458.9585077951838
93,CCAATATTAGTGCGTT-1,-1609.66194097785,1416.6721641283568
94,CTGTTGGATCAACGCA-1,-1608.095378226305,1374.38582046153
95,ACTCGACGTACACGCC-1,-1606.5288154747602,1332.0994767947032
96,GTACTTGGTTCGCTTA-1,-1605.1557629383797,1289.7950303370933
142,ACAATATGAATCATGA-1,-1666.9165595242412,2068.389398438816
143,TCATCCGATTGAATTC-1,-1665.3499967726962,2026.1030547719888
144,ACGCATCGTCGAGCAG-1,-1663.9769442363154,1983.7986083143792
145,ATTACTTGAGCAAGAT-1,-1662.4172467474527,1941.7237868798406
146,GAGTCGAGCGTGCTTC-1,-1660.8506839959077,1899.4374432130135
147,ACTTGAGCACGAACAT-1,-1659.284121244363,1857.1510995461865
148,TGTCCTTCGCCTCGTA-1,-1657.7175584928182,1814.8647558793596
149,GTCTATTAAGCACTTA-1,-1656.3445059564376,1772.56030942175
150,GATCATCGGTGCGTTC-1,-1654.7779432048928,1730.2739657549232
151,TCTGGTAGTGCAGCAA-1,-1653.2113804533476,1687.9876220880963
152,GGCGTGCGCTAGATTA-1,-1651.644817701803,1645.701278421269
153,TACGTGAGGACAACCG-1,-1650.078254950258,1603.4149347544421
154,CCGGTGGCAAGCCGTA-1,-1648.7120676765594,1561.3220105291205
155,AGCTGATCGGATTGTT-1,-1647.1455049250148,1519.0356668622935
156,TACGCTGATAGCAGTC-1,-1645.5789421734698,1476.7493231954668
157,GCGTAATTCTTGCCTT-1,-1644.012379421925,1434.46297952864
158,TACACCGGTATGTATC-1,-1642.44581667038,1392.176635861813
159,CTTAGTTCACCGCCAG-1,-1641.0727641339995,1349.8721894042033
160,GTCTTGCTTGATCCAC-1,-1639.5062013824545,1307.5858457373763
161,ACGCAAGCTCCGCTTA-1,-1637.9396386309097,1265.2995020705494
205,GTTATTGTACGTATAC-1,-1701.4605081834802,2086.1621110483156
206,CCTCGGCGCCGATTGA-1,-1699.9008106946171,2044.0872896137773
207,GTAGCGCTAGATCCGT-1,-1698.3342479430726,2001.8009459469502
208,AGACCTGATAACAGTG-1,-1696.7676851915276,1959.5146022801234
209,GGTTGATAAGTACCTG-1,-1695.2011224399828,1917.2282586132962
210,TCCAATGCAAGTATCT-1,-1693.8280699036022,1874.9238121556866
211,TCTTGCGGCCTTAGTG-1,-1692.2615071520572,1832.6374684888597
212,GGCGCCGTGGTTACAT-1,-1690.6949444005124,1790.351124822033
213,TGCGATACGCCTCGCA-1,-1689.1283816489677,1748.0647811552062
214,TAGGAGCCAGACTCAG-1,-1687.5618188974229,1705.7784374883793
215,TGAATATGAGCCGGTG-1,-1686.1956316237242,1663.6855132630576
216,CCGGATCACTATGGCC-1,-1684.6290688721792,1621.3991695962306
217,ATTGCAATTATGGTTG-1,-1683.0625061206347,1579.1128259294035
218,GCCATTCTTGCAACCA-1,-1681.4959433690894,1536.8264822625767
219,GATGCCACATTATCAC-1,-1679.9293806175447,1494.5401385957498
220,GCCATTGATACTCAAG-1,-1678.5563280811639,1452.23569213814
221,ATCAATGTCAACTCGG-1,-1676.9897653296193,1409.9493484713132
222,CCTTATAGGCGAATAC-1,-1675.4232025780746,1367.6630048044863
223,GCGAGGTGCTACCTCG-1,-1673.8566398265298,1325.3766611376595
224,ATTGTTATCGTAATAC-1,-1672.296942337667,1283.3018397031208
271,GGTGCATCCAGAACGG-1,-1732.6846863871474,2019.5917613472334
272,TAAGATTAGATATTCC-1,-1731.1181236356026,1977.3054176804062
273,CAATGCAGATCATAGA-1,-1729.745071099222,1935.0009712227966
274,TAGTGACCAGTTGCGG-1,-1728.178508347677,1892.7146275559699
275,TAGACAATACTGGAAG-1,-1726.6119455961323,1850.428283889143
276,GCTCGGACCTTCAAGT-1,-1725.0453828445877,1808.141940222316
277,GAGGCCATGGCTCGGA-1,-1723.4856853557246,1766.0671187877772
278,AGGATAGAGTTAATCA-1,-1722.112632819344,1723.7626723301673
279,CTGCATTGAGCACGGA-1,-1720.5460700677993,1681.4763286633404
280,AGCCAGATCAAGATTC-1,-1718.9795073162543,1639.1899849965134
281,AAGTCTTAATAGAACT-1,-1717.4129445647095,1596.903641329687
282,CACGATAAGGCCTAAG-1,-1715.8463818131647,1554.61729766286
283,AGACCGAAGACTACTC-1,-1714.4733292767842,1512.3128512052501
284,GGTCTGTTCACTAATC-1,-1712.9067665252392,1470.0265075384232
285,ACTCCTGCGGCAACCA-1,-1711.3470690363763,1427.9516861038842
286,GTGAGGATCTCAGCCT-1,-1709.7805062848315,1385.6653424370575
287,CACTCAGAGCAACCGG-1,-1708.2139435332865,1343.3789987702305
288,ATAGCTGTGAATCGGC-1,-1706.8408909969057,1301.0745523126207
289,TGACCAACTTGGTCAA-1,-1705.2743282453612,1258.788208645794
290,GAAGTTCTGCAGTTCT-1,-1703.7077654938164,1216.501864978967
291,CTGCCTATACATCCAT-1,-1702.1412027422714,1174.21552131214
334,GTGGTTGCACGCGGCA-1,-1767.228635046387,2037.3644739567333
335,ACCTGCACTAGATGGC-1,-1765.662072294842,1995.0781302899065
336,CTTACGCAGAGGCTCG-1,-1764.095509543297,1952.79178662308
337,GGAATGCACCTCAATA-1,-1762.5358120544342,1910.716965188541
338,ATGACCTCACGCACTG-1,-1760.9692493028895,1868.430621521714
339,TGCGAATCCGGCTTGA-1,-1759.5961967665087,1826.1261750641042
340,TGGTCATCTAGGTCAT-1,-1758.0296340149637,1783.8398313972773
341,CTACTCGGCGTCTAAT-1,-1756.463071263419,1741.5534877304503
342,ACTGATGTCCACTCGC-1,-1754.8965085118741,1699.2671440636236
343,AACTTGCTCGTAACCG-1,-1753.3299457603296,1656.9808003967967
344,CCAGTTGTGATGCAAG-1,-1751.9568932239488,1614.6763539391868
345,AATAACTCTAATACAG-1,-1750.390330472404,1572.39001027236
346,CGTTGGTGGCGTCTGC-1,-1748.830632983541,1530.315188837821
347,AACTGCAATACGGATT-1,-1747.2640702319961,1488.0288451709944
348,CATTGTCGGTCGCTAG-1,-1745.6975074804513,1445.7425015041676
349,GTTCATTGCCTGAATA-1,-1744.3244549440706,1403.4380550465578
350,TGGTAGACGTATTAAT-1,-1742.7578921925258,1361.1517113797306
351,ACTGAGGATAGGCGCT-1,-1741.191329440981,1318.8653677129037
352,CCTACGGTAAGACTCG-1,-1739.6247666894362,1276.5790240460767
353,CTTCACAAGTTCCTCA-1,-1738.0582039378914,1234.2926803792502
354,AGCATCCTGACAGCCG-1,-1736.685151401511,1191.9882339216401
355,GACTAGGCAGACTTGG-1,-1735.1254539126476,1149.9134124871016
399,GAAGCTGCCTCGTGAG-1,-1800.019376001599,2013.0804679224777
400,ACTTGAATGTATTGGA-1,-1798.4528132500539,1970.794124255651
401,TACCTCAGCGGTTGAT-1,-1796.886250498509,1928.5077805888238
402,ACGGCCTGGCTAAGTT-1,-1795.5131979621283,1886.203334131214
403,GTACGGTTAATGCAGG-1,-1793.9466352105837,1843.9169904643873
404,AGGAGTACAGTGCATA-1,-1792.380072459039,1801.6306467975605
405,GAATCATTATGAGCTG-1,-1790.813509707494,1759.3443031307336
406,TCTGTACCTCACTCGC-1,-1789.2469469559494,1717.0579594639066
407,TAGTGCGTGGAGAAGT-1,-1787.8738944195686,1674.7535130062968
408,CTGAAGCGTGGTGAAG-1,-1786.3141969307055,1632.678691571758
409,TCGCACCTCATGTCAG-1,-1784.7476341791607,1590.392347904931
410,CCAACTTGCGTTAACC-1,-1783.181071427616,1548.106004238104
411,AAGATGCACTATACTT-1,-1781.6145086760712,1505.8196605712774
412,GGTTGACCATTGCTGT-1,-1780.2414561396904,1463.5152141136678
413,GTGGCGCCAACAGCTC-1,-1778.6748933881458,1421.2288704468408
414,GGTTAGATGAGTCTAA-1,-1777.1083306366008,1378.9425267800138
415,GCCTTAATTGACGGAT-1,-1775.5417678850558,1336.656183113187
416,AACTGGTCATGTGGTT-1,-1773.9752051335113,1294.3698394463602
417,TCATCCTAGGACTCGC-1,-1772.6090178598124,1252.2769152210383
418,CGACAAGCACTCAGCC-1,-1771.0424551082676,1209.9905715542113
419,CCTTAGCGTTCGCAGG-1,-1769.4758923567229,1167.7042278873844
420,ACGAAGCCACCTGAGG-1,-1767.909329605178,1125.4178842205577
421,CGCTTGCTTGGTCTGG-1,-1766.342766853633,1083.1315405537307
463,GTCGAGTGCTCCTTCG-1,-1832.9967619092931,1988.566836865151
464,ATCAATGGTTGTACCT-1,-1831.4301991577486,1946.2804931983242
465,TCCGAATACCGAATAG-1,-1829.8636364062036,1903.9941495314974
466,CATCCTTCGACTAAGT-1,-1828.2970736546588,1861.7078058646705
467,AACGACATTAAGATGG-1,-1826.730510903114,1819.4214621978435
468,ATCGAATCTAGCAGAC-1,-1825.3574583667335,1777.1170157402337
469,TCCAGTCACGGTGGCT-1,-1823.7977608778701,1735.0421943056947
470,CTGACTGGTCTACCTT-1,-1822.2311981263254,1692.7558506388677
471,GCATTGCTGTTCCATC-1,-1820.6646353747808,1650.469506972041
472,TCTGCGCTTGCAGATA-1,-1819.0980726232358,1608.1831633052143
473,ACATCTCGCATAGAAT-1,-1817.7250200868552,1565.8787168476044
474,AACTAGCCTAATAGCA-1,-1816.1584573353105,1523.5923731807775
475,ATGTGCTAACATCGAA-1,-1814.5918945837657,1481.3060295139505
476,ACTGATACTCCATTAC-1,-1813.0253318322207,1439.0196858471238
477,GTAACCACCTACAACC-1,-1811.458769080676,1396.7333421802969
478,TCCAGATCTTCGCTTA-1,-1810.0925818069773,1354.640417954975
479,TGGCGAGCTCCACGTG-1,-1808.5260190554322,1312.3540742881485
480,TGCTACGCTGCGTGGA-1,-1806.9594563038875,1270.0677306213215
481,AGGAGCAGCGTTAATA-1,-1805.3928935523427,1227.7813869544946
482,TAGCGTCTCGGTCTAT-1,-1803.826330800798,1185.4950432876674
483,CTTCCACGATCCTGTA-1,-1802.4532782644173,1143.1905968300575
484,TAGCGTACGGAGCGCC-1,-1800.8867155128723,1100.9042531632308
485,GCCGCACTTCGTCTAT-1,-1799.3201527613276,1058.617909496404
486,CTGCCTAGTGAATAAG-1,-1797.7535900097826,1016.3315658295771
531,AGCATAATTCCAGATA-1,-1861.281324825035,1837.4056970396318
532,CTAGCCGATTCAATGC-1,-1859.7147620734902,1795.1193533728049
533,TAGTGCAGCTGGCGTC-1,-1858.1481993219454,1752.833009705978
534,CAAGTCTTGGCGATAG-1,-1856.5816365704006,1710.5466660391508
535,AGCATTAGACGGATTG-1,-1855.0150738188559,1668.260322372324
536,ATTGCCTTGTCTAAGT-1,-1853.642021282475,1625.9558759147144
537,TCGGACGTTGCCTCAG-1,-1852.0754585309303,1583.6695322478874
538,AGGATACCTCCGAGCG-1,-1850.5088957793853,1541.3831885810605
539,ATACTGGACCACAGCC-1,-1848.9491982905226,1499.3083671465217
540,ACAACCTTGGTGTCAA-1,-1847.3826355389776,1457.022023479695
541,ACGCGTAGACTCAACT-1,-1846.009583002597,1414.7175770220852
542,CATTGCAGCGAAGACC-1,-1844.443020251052,1372.4312333552582
543,CTGACTGGTATGATAA-1,-1842.8764574995075,1330.1448896884312
544,TCGTATCCTGATGCAA-1,-1841.3098947479625,1287.8585460216045
545,CTAGCACGCCAAGCTT-1,-1839.7433319964175,1245.5722023547778
546,GGACGGCTATCGACCA-1,-1838.370279460037,1203.2677558971677
547,TCGATCGTTGTCTGAA-1,-1836.8037167084922,1160.981412230341
548,CATATCCGTTCACCTC-1,-1835.2440192196293,1118.906590795802
549,CGGTCCATGCGACTCC-1,-1833.6774564680845,1076.620247128975
550,AGCAATAACAATTCCA-1,-1832.1108937165397,1034.333903462148
551,AGGCGATTCCACTTCT-1,-1830.7378411801592,992.0294570045382
552,CGGCTGTACATGATGT-1,-1829.171278428614,949.7431133377116
595,ATCAATCTGCAGGACC-1,-1894.0652005175652,1812.9101687730877
596,CTCACCTTATCTCCTT-1,-1892.4986377660202,1770.6238251062612
597,CTGATTAACGCAAGAA-1,-1891.1255852296397,1728.3193786486513
598,TACACTCAGTAGAATG-1,-1889.559022478095,1686.0330349818244
599,TACATAGCAGACCAAG-1,-1887.9924597265501,1643.7466913149974
600,GATACCTCGCGACTGC-1,-1886.432762237687,1601.6718698804584
601,CCGTGGCGTCGGTGCT-1,-1884.8661994861425,1559.3855262136315
602,TAACCAAGGTGCTCTA-1,-1883.493146949762,1517.0810797560218
603,TCGTAAGGCGTTCAGG-1,-1881.926584198217,1474.794736089195
604,ATTAGTCGTGTTATGC-1,-1880.360021446672,1432.5083924223682
605,AGATGAGGCGCCTCCA-1,-1878.7934586951271,1390.2220487555412
606,TAACGAATGCTCCAAT-1,-1877.2268959435823,1347.9357050887143
607,ACAGGCATTGAACCAT-1,-1875.8538434072016,1305.6312586311044
608,TGCTATCCTAAGACGA-1,-1874.287280655657,1263.344914964278
609,GGTTCAAGGTTAAGCC-1,-1872.727583166794,1221.270093529739
610,CCGCATAGTACAGGTT-1,-1871.1610204152491,1178.9837498629122
611,GGTCATGCTCTGCCAA-1,-1869.5944576637044,1136.6974061960852
612,CGTTCCTGTCACCGTG-1,-1868.2214051273236,1094.3929597384754
613,CGCAGATATGGACAGT-1,-1866.6548423757788,1052.1066160716484
614,GTTGTCGTAATATGGA-1,-1865.0882796242338,1009.8202724048216
615,GAGTAGATACGTCAAC-1,-1863.5217168726892,967.5339287379945
616,GGTTAGTCGGCAGCGA-1,-1861.9551541211445,925.247585071168
661,AAGGACCAACATGGCT-1,-1925.4760236737147,1746.1101940489343
662,CGTGTTGGACGTCTGG-1,-1923.9163261848519,1704.0353726143956
663,TATCCGATCTTGGCGG-1,-1922.349763433307,1661.7490289475686
664,TGCCGAATCAAGCGTC-1,-1920.7832006817623,1619.4626852807419
665,ATTGACGCCACCTTCT-1,-1919.4101481453818,1577.1582388231318
666,AATGGTCGATACTCGG-1,-1917.8435853938365,1534.871895156305
667,GAGGTGCGGCTGACCA-1,-1916.277022642292,1492.5855514894783
668,GATGCCGACAGATATT-1,-1914.710459890747,1450.2992078226514
669,CTTCATGCCTAGACGG-1,-1913.1438971392022,1408.0128641558242
670,ATAGTTCATCGGATCT-1,-1911.7708446028216,1365.7084176982144
671,ACTATTGCGAGCTAGA-1,-1910.2111471139588,1323.6335962636758
672,TCGCGGTAGTATGATC-1,-1908.6445843624138,1281.3472525968489
673,TCAGTCGAAGTATCTA-1,-1907.078021610869,1239.060908930022
674,GGTTGCGATTGAACAG-1,-1905.5114588593242,1196.774565263195
675,GCCGATCTCGTGACTC-1,-1904.1384063229434,1154.4701188055851
676,CAATCCGAGGTGCTAG-1,-1902.5718435713986,1112.1837751387584
677,GCAAGCTTATTGACGT-1,-1901.005280819854,1069.8974314719317
678,ACGAACATAGGATCGG-1,-1899.438718068309,1027.6110878051047
679,GTCTAAGCGGCACGCC-1,-1897.872155316764,985.3247441382778
680,CTGCCTGTGAGCCAGG-1,-1896.5059680430652,943.2318199129561
681,TACAAGTCGAATGCAA-1,-1894.9394052915206,900.9454762461289
700,AGTGTAAGCCGAACAA-1,-1865.9624843981894,97.85557987786285
725,AATTAGCAACCGTTCC-1,-1958.266764628927,1721.8261880146783
726,CGACCAGAACTGTCAT-1,-1956.8937120925461,1679.5217415570687
727,CGAGGCATCCAAGTCC-1,-1955.3271493410014,1637.235397890242
728,AGCACGATACCTAAGC-1,-1953.7605865894566,1594.949054223415
729,GAGTTGGTATTAATAG-1,-1952.1940238379118,1552.662710556588
730,ATGTGCTTGTGCTACC-1,-1950.627461086367,1510.3763668897611
731,GTAATGATCACGTAAG-1,-1949.2544085499862,1468.0719204321513
732,TGGTACCAGATTGTTA-1,-1947.6947110611236,1425.9970989976123
733,TAGGCATCGGAGCCTC-1,-1946.1281483095784,1383.7107553307856
734,CAGCGATAATGCGATT-1,-1944.5615855580336,1341.4244116639588
735,CTACGAATCAGCCTGG-1,-1942.9950228064888,1299.1380679971319
736,GTAACCTAGCGTCACG-1,-1941.6219702701082,1256.833621539522
737,GACCAATTGCGTCAGA-1,-1940.0554075185635,1214.547277872695
738,TCCTATCCTGTCAATA-1,-1938.4888447670187,1172.2609342058681
739,GTGAATTAGACATTGC-1,-1936.922282015474,1129.9745905390414
740,GTGGCGACCTAATATT-1,-1935.3557192639287,1087.6882468722147
741,CAGTAATATCACTACG-1,-1933.98953199023,1045.5953226468928
742,AGCGGTTAATCGAAGT-1,-1932.4229692386853,1003.3089789800661
743,AGACTCGACTCCTAAT-1,-1930.8564064871405,961.0226353132392
744,ATCGTACAACTGGCTA-1,-1929.2898437355957,918.7362916464123
789,AACTGCGGTCCGAAGC-1,-1992.810713288166,1739.5989006241784
790,CTGATTACAATGTCCA-1,-1991.2441505366212,1697.3125569573517
791,TAGGTCTGCCTCTGTA-1,-1989.6775877850766,1655.026213290525
792,TCTTACGAGGCCGACA-1,-1988.1110250335316,1612.739869623698
793,CTAGCCGAAGATGGAC-1,-1986.5444622819869,1570.453525956871
794,GACAATGACAAGCTTA-1,-1985.178275008288,1528.3606017315494
795,CTTAGTGGCTAAGACG-1,-1983.6117122567432,1486.0742580647227
796,CGGAGGCTAGTCGGCA-1,-1982.0451495051982,1443.7879143978957
797,GCAGCGATCTAACGAA-1,-1980.4785867536536,1401.5015707310688
798,AACTGCGAACCTTACC-1,-1978.9120240021089,1359.2152270642418
799,TGTCTAAGCAGACGTA-1,-1977.538971465728,1316.9107806066322
800,TATGCTCCTGGTTAGT-1,-1975.9724087141833,1274.6244369398055
801,TAGCTACCTGTAGGAT-1,-1974.4058459626383,1232.3380932729785
802,GTCTTCGATAGGTGTT-1,-1972.8461484737754,1190.2632718384396
803,GTCAGCCATTGTGCGG-1,-1971.2795857222309,1147.9769281716126
804,GCCATTCTCGTGTAGA-1,-1969.90653318585,1105.6724817140027
805,CCTAATAGCGGACAGA-1,-1968.3399704343053,1063.3861380471758
806,GTGCGTTCACGGATAA-1,-1966.7734076827603,1021.099794380349
807,AGTTAGAAGGACGAAT-1,-1965.2068449312158,978.8134507135222
808,TCGTATCAACAGCACC-1,-1963.6402821796705,936.5271070466954
809,CTACTTATGAACATAA-1,-1962.26722964329,894.2226605890855
853,ATCATTCCAACTTCGC-1,-2025.5945889806962,1715.1033723576347
854,GTGACATATGCTAGAT-1,-2024.0348914918332,1673.028550923096
855,CAGCTTCACTACCGTG-1,-2022.6618389554526,1630.724104465486
856,GACTAGATTAGCTAAC-1,-2021.0952762039078,1588.4377607986592
857,CTTCTGAGCCAGGAAC-1,-2019.528713452363,1546.1514171318324
858,TGTTGGATGGACTTCT-1,-2017.9621507008185,1503.8650734650057
859,GTAGCGCCTGAACTCA-1,-2016.3955879492735,1461.5787297981788
860,GGTTACAGCCGGCCGG-1,-2015.022535412893,1419.274283340569
861,ACGAAGCTCATCCTCG-1,-2013.4559726613477,1376.987939673742
862,CCGCTCAATCTGGAAC-1,-2011.8894099098031,1334.7015960069152
863,TAGACCGAAGCAGAGC-1,-2010.3297124209403,1292.6267745723765
864,TCGGAATCAGCCTAAC-1,-2008.7631496693953,1250.3404309055495
865,GATCGTAACATTAATA-1,-2007.3900971330147,1208.0359844479394
866,AATTAGCTTAGGTGTA-1,-2005.82353438147,1165.749640781113
867,CGTAGCCTTGAGCAAG-1,-2004.2569716299251,1123.4632971142858
868,CATGCATATTCTGCCT-1,-2002.6904088783804,1081.1769534474588
869,TCCTTCCAACCGCAAC-1,-2001.1238461268354,1038.890609780632
870,CTTCGATGGACGTACC-1,-1999.7507935904546,996.5861633230222
871,GCAGCCGGATGCCGCA-1,-1998.1842308389098,954.2998196561955
872,ATACATCACTGTCCGG-1,-1996.6245333500472,912.2249982216565
873,ACTGTATTCTAGTCCA-1,-1995.0579705985022,869.9386545548297
917,TAGTGACCGTCGATTA-1,-2059.9518926874534,1733.1057099902062
918,AAGGTTGCTGAGTTGA-1,-2058.5788401510727,1690.8012635325963
919,GATGCCAGACATAATG-1,-2057.0122773995276,1648.5149198657691
920,GGTACGCTTACCTGCG-1,-2055.445714647983,1606.2285761989424
921,ACGCAATAGTATACGA-1,-2053.879151896438,1563.9422325321154
922,AACTATCTAGCAGTAT-1,-2052.312589144893,1521.6558888652885
923,GGACGTAGTGTAGAAG-1,-2050.9395366085128,1479.3514424076789
924,GTACCTTCATGTGCAA-1,-2049.3729738569677,1437.0650987408521
925,CAGTCTGTGGCGCTGC-1,-2047.8132763681049,1394.9902773063134
926,TAAGCCACAATTGCCT-1,-2046.24671361656,1352.7039336394864
927,CTAGCGCCTAGCTTAA-1,-2044.6801508650153,1310.4175899726595
928,CACTACAATATTGCGG-1,-2043.3070983286348,1268.1131435150496
929,ACCGTAGGCGGAGGTT-1,-2041.7405355770898,1225.8267998482227
930,TCAAGGCCATAGCCTG-1,-2040.1739728255448,1183.5404561813957
931,CCACGTGGACTGCGGT-1,-2038.6074100740002,1141.2541125145692
932,TCCTATCCTCGAATCA-1,-2037.0408473224552,1098.9677688477423
933,GGAAGAATAACTAACC-1,-2035.6677947860746,1056.6633223901324
934,TGCACGAGTAGAGTTA-1,-2034.1080972972115,1014.5885009555934
935,CCGGCATAGGCAAGTG-1,-2032.541534545667,972.3021572887665
936,CAGCATCCTCGCCACT-1,-2030.974971794122,930.0158136219396
937,AACCTGACAGTGCCGC-1,-2029.4084090425772,887.7294699551127
981,ATTGGCCTTCCGTGCA-1,-2092.9292785951475,1708.5920789328795
982,CCGGCGTCCTCATTGT-1,-2091.362715843603,1666.3057352660526
983,TAGACATGGTTAGGTC-1,-2089.796153092058,1624.0193915992256
984,GCTTGAGCTCTTGACA-1,-2088.423100555677,1581.7149451416158
985,CGTAACCTGACATCGA-1,-2086.8565378041326,1539.4286014747888
986,CACTGGATCGATACGA-1,-2085.2968403152695,1497.35378004025
987,AAGGCATGAACAGCTC-1,-2083.730277563725,1455.067436373423
988,AATACGGTACGGCCTA-1,-2082.16371481218,1412.7810927065962
989,AAGTGGTTCCTCGCGT-1,-2080.790662275799,1370.4766462489865
990,TGACGCTCACCAAGCC-1,-2079.2240995242546,1328.1903025821596
991,GCAAGCACTACCGCCA-1,-2077.6575367727096,1285.9039589153326
992,TACAAGTGTCTGTCCG-1,-2076.090974021165,1243.617615248506
993,TCAGTTCAGAATCTCG-1,-2074.52441126962,1201.331271581679
994,CAATAATCGTAGGATA-1,-2073.1513587332392,1159.026825124069
995,CGTACAGGCCGCACTG-1,-2071.591661244376,1116.9520036895303
996,GGCACGACGGACGTCG-1,-2070.0250984928316,1074.6656600227034
997,TCTACACTGAGCTTCT-1,-2068.4585357412866,1032.3793163558767
998,TCTAACTCTATGTTCT-1,-2066.8919729897416,990.0929726890498
999,ACCATAACTCCTCGTA-1,-2065.5189204533613,947.78852623144
1000,GGACTCACGGTCCAAT-1,-2063.9523577018163,905.5021825646129
1046,CAAGTACTCCGCATCG-1,-2125.7131542876778,1684.0965506663356
1047,CAAGTGTTGACGGCCA-1,-2124.340101751297,1641.7921042087257
1048,CTACGCTACATCTGTT-1,-2122.7804042624343,1599.7172827741867
1049,AGCAGGTAAGTATCTG-1,-2121.2138415108893,1557.4309391073602
1050,CATGCAGAAGTCAGGA-1,-2119.6472787593443,1515.1445954405333
1051,GTACTACCGTTAGGTG-1,-2118.0807160077998,1472.8582517737063
1052,ATTCCATTGTGAACGC-1,-2116.707663471419,1430.5538053160963
1053,CTATCGAGATGCCTAC-1,-2115.1411007198744,1388.2674616492693
1054,ACGGCTTAACGATAGT-1,-2113.5745379683294,1345.9811179824428
1055,ATCTACAGGAGTGCAC-1,-2112.007975216785,1303.6947743156159
1056,TCCAACTGGCTGAAGA-1,-2110.44141246524,1261.408430648789
1057,AAGCGTTCGTCTGTCC-1,-2109.075225191541,1219.3155064234672
1058,TCGTCAAGCCTAATCT-1,-2107.5086624399964,1177.0291627566403
1059,GGAGTCTAAGGCCGCT-1,-2105.9420996884514,1134.7428190898133
1060,GTATGCTTGCGACTAA-1,-2104.3755369369064,1092.4564754229864
1061,ACGGCTTACGTATGCC-1,-2102.808974185362,1050.1701317561597
1062,GGCAATGCGAACTTAA-1,-2101.435921648981,1007.8656852985499
1063,CTTAGTGCGTTGACGC-1,-2099.869358897436,965.5793416317231
1064,CACCAGGCACGCTATC-1,-2098.3027961458915,923.2929979648961
1065,ATCCGAGTACAGGAAT-1,-2096.743098657029,881.2181765303574
1112,TACGGAACAGACGCGG-1,-2155.5642799549646,1575.221754507643
1113,GGCCAAGATGGATGGC-1,-2154.191227418584,1532.9173080500334
1114,CGCACTAACTACCGGT-1,-2152.624664667039,1490.6309643832064
1115,AATTCTCAGACGCAAC-1,-2151.0581019154943,1448.3446207163795
1116,GCCGATCGAGTGAAGT-1,-2149.4915391639493,1406.0582770495525
1117,CTCACCTTCTGAAGTA-1,-2147.9318416750866,1363.9834556150138
1118,CTGGCGCACTTACTGA-1,-2146.558789138706,1321.679009157404
1119,TCTTACGAATCAGTGC-1,-2144.992226387161,1279.392665490577
1120,CGCACGGCTGTCAGGT-1,-2143.4256636356163,1237.10632182375
1121,AGCACGGAGGCAGTCA-1,-2141.8591008840713,1194.8199781569233
1122,CTGGTTGGACATCACC-1,-2140.2925381325267,1152.5336344900966
1123,TCATGATTCTGATACT-1,-2138.919485596146,1110.2291880324865
1124,ATGTGAATCCATACGA-1,-2137.352922844601,1067.9428443656598
1125,GGACGGTGCAGTAGGA-1,-2135.7863600930564,1025.6565006988328
1126,ACCAAGCACTTGCGCA-1,-2134.2266626041933,983.581679264294
1127,GAGTTAATCTCGTTAT-1,-2132.6600998526483,941.2953355974672
1128,TACACTTCGAGGTGAC-1,-2131.2870473162675,898.9908891398574
1129,ATCCACATGTTGGACC-1,-2129.720484564723,856.7045454730304
1177,CACCGAGTCTTGGACA-1,-2188.5416658626586,1550.7081234503162
1178,ACGCAACGAAGAGTAT-1,-2186.975103111114,1508.4217797834895
1179,CGAGCTATGTCCTCGC-1,-2185.4154056222515,1466.3469583489507
1180,AATAACTCTACGATGT-1,-2183.8488428707064,1424.060614682124
1181,ACATCGCCACAAGAGG-1,-2182.4757903343257,1381.756168224514
1182,TGACTTGCACTCACGG-1,-2180.9092275827807,1339.4698245576872
1183,ACGGTTACATCCGAAG-1,-2179.342664831236,1297.1834808908602
1184,TGACCAAGCTGCACAT-1,-2177.776102079691,1254.8971372240335
1185,ATTCAGCTCCTACTAA-1,-2176.209539328146,1212.6107935572063
1186,CGGCATTATCGCGTGG-1,-2174.8364867917658,1170.306347099597
1187,AAGCAGTGTAGAATCT-1,-2173.2699240402208,1128.0200034327697
1188,AAGTCTACCGGTTGGA-1,-2171.710226551358,1085.945181998231
1189,GGAGTGTCCATGTATT-1,-2170.143663799813,1043.658838331404
1190,TGTCTGTAAGCGAACT-1,-2168.577101048268,1001.3724946645772
1191,GTGACTTCCTCACGAC-1,-2167.2040485118873,959.0680482069673
1192,TACTATGTTGAATCTT-1,-2165.6374857603428,916.7817045401404
1193,GTTAGGTACTAACTGG-1,-2164.070923008798,874.4953608733133
1194,GCCTGTGACACCAGAA-1,-2162.504360257253,832.2090172064866
1240,TACATATGCACCAGTG-1,-2222.898969569416,1568.7104610828874
1241,TGCGCCGATCGCGAAG-1,-2221.332406817871,1526.4241174160607
1242,CTATTAGCGGCTTCGT-1,-2219.95935428149,1484.1196709584508
1243,GGTACGGAGCATCAGC-1,-2218.3927915299455,1441.8333272916238
1244,CCTAACTTATGTTGGA-1,-2216.8262287784005,1399.5469836247971
1245,GTATGATAGTATGGAT-1,-2215.2596660268555,1357.2606399579702
1246,AATGCAATCACTGTCG-1,-2213.6931032753114,1314.9742962911432
1247,ATCTTGGCTTCGTCCT-1,-2212.3200507389306,1272.6698498335336
1248,GACGGCTTAGGTGCGA-1,-2210.7534879873856,1230.3835061667066
1249,ACGGTTCGTCCGACCG-1,-2209.1937904985225,1188.3086847321676
1250,GTAATCACGCACAGCT-1,-2207.627227746978,1146.0223410653407
1251,AACTCACCGAACTTAT-1,-2206.060664995433,1103.7359973985137
1252,GCTTGCCATAGTGGAT-1,-2204.687612459052,1061.4315509409041
1253,CTACAGAACCAGTTGA-1,-2203.1210497075076,1019.1452072740773
1254,GGCTTGCCATAGGCTC-1,-2201.5544869559626,976.8588636072504
1255,TCCATGCGTCCACCAG-1,-2199.9879242044176,934.5725199404235
1256,GTACGAAGGATTATTG-1,-2198.421361452873,892.2861762735965
1257,TCAGTCAGCGATCAGA-1,-2197.0483089164927,849.9817298159869
1306,TATCTAGTCGCATGCA-1,-2254.3097927255653,1501.9104863587338
1307,ACCTGCTTATAGTTCG-1,-2252.743229974021,1459.6241426919069
1308,TGGCCAACATTCTGAG-1,-2251.1766672224758,1417.3377990250801
1309,CGTACAGACGAGGACC-1,-2249.6101044709308,1375.0514553582532
1310,TATCCTGCGGTTGATC-1,-2248.23705193455,1332.7470089006436
1311,CTCGCTGTTCATAGAT-1,-2246.6773544456873,1290.6721874661046
1312,AGAAGTTGAGCGCAAG-1,-2245.1107916941423,1248.3858437992778
1313,ATTATCACAACTCGGC-1,-2243.5442289425973,1206.0995001324509
1314,TGAGTGAGATCGCTAA-1,-2241.977666191053,1163.8131564656242
1315,GCCTCCTGCGGCCGTT-1,-2240.604613654672,1121.508710008014
1316,AAGGAGGCACTCAATT-1,-2239.0380509031274,1079.2223663411874
1317,TCAGCTACCAACTCCG-1,-2237.4714881515824,1036.9360226743604
1318,ACAGCCAGGCATAAGC-1,-2235.9049254000374,994.6496790075337
1319,ATCCGAGTACCACGTG-1,-2234.345227911175,952.5748575729945
1320,CATCAGGTGCCTGATA-1,-2232.972175374794,910.2704111153848
1321,AGGACTAGGACCGCAG-1,-2231.4056126232495,867.984067448558
1322,TGACCAGGTATGACCT-1,-2229.8390498717044,825.6977237817314
1369,ATCGGCTCTATGCCTC-1,-2288.66023116964,1519.701301759017
1370,AGCCGTATCTTCGTCT-1,-2287.0936684180956,1477.4149580921903
1371,TAGGCGAGCGATCGGT-1,-2285.727481144397,1435.3220338668684
1372,ATTCACGCTGTTATCG-1,-2284.1609183928517,1393.0356902000415
1373,GAGTCTGACTATAGAA-1,-2282.5943556413067,1350.7493465332145
1374,GGTTCTGGAGTCTACC-1,-2281.0277928897626,1308.4630028663876
1375,TGGCGACACTGCCGGA-1,-2279.4612301382176,1266.1766591995606
1376,GGATAATTCAATGCTG-1,-2278.088177601837,1223.872212741951
1377,GTGCCTGACACGTTGG-1,-2276.521614850292,1181.5858690751243
1378,TACAAGCGGAAGTACG-1,-2274.9550520987473,1139.2995254082973
1379,TGGTAGCCAGTTGACA-1,-2273.3884893472023,1097.0131817414704
1380,GCAACATACATCAGCA-1,-2271.828791858339,1054.9383603069316
1381,AACGAAGCGTGGAAGT-1,-2270.455739321959,1012.6339138493217
1382,TACATCGTCAGCGGTT-1,-2268.889176570414,970.3475701824947
1383,GTCTTGCTGGACGATA-1,-2267.322613818869,928.0612265156677
1384,CACTACTGGCTGAACC-1,-2265.7560510673243,885.7748828488413
1385,GGAGATCCTGTACCAG-1,-2264.1894883157797,843.4885391820142
1434,TGTCAACTCATCAACG-1,-2321.6444823400166,1495.3991929339782
1435,ACTAGATCTGAAGCGG-1,-2320.077919588472,1453.1128492671517
1436,GTATTCGTGACTTGAT-1,-2318.511356836927,1410.8265056003245
1437,GCTACCATCCTGTAGA-1,-2316.944794085382,1368.5401619334975
1438,TAATGTGCACGATCTG-1,-2315.3782313338374,1326.2538182666706
1439,ATTCTAGGACATCAGT-1,-2314.005178797457,1283.9493718090607
1440,CATTAGGATAGTGAAT-1,-2312.4386160459117,1241.663028142234
1441,AGGACTGGATGAAGAC-1,-2310.8720532943667,1199.3766844754073
1442,ACTCGATTGATATCCA-1,-2309.3123558055045,1157.3018630408683
1443,GTCTAATACGGCTAAG-1,-2307.745793053959,1115.0155193740416
1444,CGGCAACCACTAGCAT-1,-2306.372740517578,1072.7110729164317
1445,GTACTTAACTTCAGCG-1,-2304.8061777660337,1030.4247292496048
1446,GGTACCAGGTAGTGTT-1,-2303.239615014489,988.1383855827779
1447,TCAGGATACACTACAA-1,-2301.6730522629446,945.8520419159511
1448,AGTGTCTAGGCTAATA-1,-2300.106489511399,903.5656982491241
1449,AGTTCGGCACATACGG-1,-2298.733436975019,861.2612517915145
1450,TGGTGCGAGGTCGTAT-1,-2297.1668742234738,818.9749081246874
1498,TCATTGATAGACTTGC-1,-2354.428358032547,1470.9036646674344
1499,AGTATTCGTCGGTATC-1,-2352.8617952810023,1428.6173210006075
1500,TGCAACAGTGAAGCTC-1,-2351.4887427446215,1386.3128745429979
1501,CTACAACCGCTGTCTA-1,-2349.922179993076,1344.0265308761711
1502,GGACAGTGCGGCAACA-1,-2348.355617241532,1301.7401872093442
1503,CCTAATCCACAAGGAT-1,-2346.795919752669,1259.6653657748052
1504,CATAGAACATTGAACA-1,-2345.229357001124,1217.3790221079782
1505,CCGACAGACTGTGCCT-1,-2343.856304464743,1175.0745756503684
1506,CTGACTGTGGCCGGTT-1,-2342.2897417131985,1132.7882319835414
1507,CACGTCAAGTGCGATC-1,-2340.723178961654,1090.5018883167145
1508,ACGGCTTGTTCAATCG-1,-2339.1566162101085,1048.215544649888
1509,AAGTGGCGAGTGTACA-1,-2337.590053458564,1005.929200983061
1510,TAGTATCCAATTACGT-1,-2336.217000922183,963.6247545254512
1511,CTAATGAGCGAGGCTA-1,-2334.6504381706386,921.3384108586242
1512,TAACATGGCCACCTCC-1,-2333.0907406817755,879.2635894240856
1513,ATTCATAGCGAAGCGT-1,-2331.524177930231,836.9772457572584
1514,GACTGCGGTCTGCGTG-1,-2329.957615178686,794.6909020904318
1562,CGCTATTATGATACGT-1,-2388.7787964766217,1488.6944800677174
1563,TCACATTGTCGGTGAC-1,-2387.4057439402413,1446.3900336101078
1564,TCTGGATATTAACCTA-1,-2385.8391811886963,1404.1036899432809
1565,AACTAGCACTGTTCGA-1,-2384.2794836998337,1362.028868508742
1566,CTGGAATGGATCAGCA-1,-2382.7129209482882,1319.7425248419152
1567,TGCCAATCCATGTCTA-1,-2381.146358196744,1277.4561811750884
1568,AGCCTCCGAACTACCA-1,-2379.7733056603633,1235.1517347174786
1569,CACGCCACAATCGCAC-1,-2378.2067429088183,1192.8653910506514
1570,ATTCGCTCGCGGAGGC-1,-2376.6401801572733,1150.5790473838247
1571,CAGCTCCTCGGATTCT-1,-2375.073617405729,1108.2927037169977
1572,GCTTCTTGGACGAGCG-1,-2373.507054654184,1066.0063600501708
1573,AGCGTGCGCCTGATCG-1,-2372.134002117803,1023.7019135925611
1574,GCGTCGGAATGCTGCC-1,-2370.5743046289404,981.6270921580223
1575,GTATTCCAAGTTACCT-1,-2369.0077418773953,939.3407484911955
1576,CTCCTTATCTTAAGAC-1,-2367.4411791258503,897.0544048243687
1577,TCGGTGTCTAACCAAG-1,-2365.8746163743062,854.7680611575418
1578,CTTAGTCTCGACAACT-1,-2364.5015638379255,812.4636146999317
1579,ACCGGCTATCGTGCGG-1,-2362.93500108638,770.177271033105
1626,GGATCGCTGGCATATT-1,-2421.7630476469985,1464.392371242679
1627,GCTTGCTTACTTAACG-1,-2420.1964848954535,1422.106027575852
1628,GCCACTATAGACCATA-1,-2418.6299221439085,1379.8196839090251
1629,TCCGGCTCTATGGACA-1,-2417.2568696075277,1337.5152374514153
1630,GCTCGGAGATGAATGT-1,-2415.690306855983,1295.2288937845883
1631,GGCATAATCCTATCGC-1,-2414.123744104438,1252.9425501177618
1632,TAGACCGGCCAGTACG-1,-2412.557181352893,1210.6562064509349
1633,GAACTAACTCTACGTG-1,-2410.9906186013486,1168.369862784108
1634,GTGAACATTCAACGAT-1,-2409.62443132765,1126.276938558786
1635,CACGTAGGTAGGCTGA-1,-2408.0578685761047,1083.990594891959
1636,GGTAGCCATCAATCCG-1,-2406.4913058245597,1041.704251225132
1637,TAACGAGTTGCCAACC-1,-2404.9247430730156,999.4179075583053
1638,GTCAGTGAGGATCGTT-1,-2403.35818032147,957.1315638914784
1639,ATTCCGGTTACATACC-1,-2401.9851277850894,914.8271174338688
1640,CAGTATGCGTGGCGCT-1,-2400.418565033545,872.5407737670419
1641,ACTATTAGACAGGCTG-1,-2398.8520022820003,830.2544301002149
1642,GCATTGGTTACCAAGC-1,-2397.2854395304553,787.9680864333883
1643,TCCTGATAAGTGCCGT-1,-2395.725742041592,745.8932649988494
1691,ATACTGGAGGATAACG-1,-2454.546923339529,1439.896842976135
1692,AACTAGCCTTGCAATA-1,-2453.173870803148,1397.5923965185252
1693,CCGCGTCGTTGGTCTG-1,-2451.6073080516026,1355.3060528516985
1694,ATGTACTACCGACTTC-1,-2450.040745300058,1313.0197091848715
1695,TCCAGTACGTGCTATG-1,-2448.4741825485135,1270.7333655180446
1696,GAGCCTCACGTATGTA-1,-2446.91448505965,1228.6585440835058
1697,CTTCCGTCGCTGCATC-1,-2445.541432523269,1186.354097625896
1698,ACGGCTTCCATCGGAA-1,-2443.974869771725,1144.067753959069
1699,AGTACCGTTGTACGCC-1,-2442.40830702018,1101.7814102922423
1700,CCGTGAAGGATAACAG-1,-2440.841744268635,1059.4950666254156
1701,GAGGATGATAGGAAGG-1,-2439.2751815170905,1017.2087229585886
1702,TGGCTCCGCATCAGAT-1,-2437.9021289807097,974.9042765009785
1703,GTCAACCTGACGATAG-1,-2436.335566229165,932.6179328341516
1704,ATTCACCTGACCAGTT-1,-2434.7690034776197,890.3315891673248
1705,CCTAAGCATGCCTTGT-1,-2433.209305988757,848.256767732786
1706,GCTCAACCACGGCAAC-1,-2431.6427432372125,805.9704240659594
1707,GCTGTTGATAGTCTTA-1,-2430.2696907008317,763.6659776083497
1708,CGTAACATTCGCGATA-1,-2428.7031279492867,721.3796339415226
1756,CGCAACCATGCACCGA-1,-2485.9577464956783,1373.0968682519815
1757,ACCAGTATGAAGTTCC-1,-2484.3980490068147,1331.0220468174427
1758,TCGTATCACGTTATGA-1,-2483.0249964704344,1288.7176003598329
1759,GTCTTGACAATAGCAA-1,-2481.4584337188894,1246.431256693006
1760,TACTCCTACATCAACT-1,-2479.891870967345,1204.144913026179
1761,GCGAGCGGACCATAAC-1,-2478.3253082158,1161.8585693593523
1762,CAGGACATGGTAATGC-1,-2476.7587454642553,1119.5722256925253
1763,CAATTGAACCGGCTCG-1,-2475.3856929278745,1077.2677792349157
1764,CCTCGATAGAATAGGA-1,-2473.8191301763295,1034.9814355680887
1765,CCTACGAGCTGGCCGG-1,-2472.2525674247845,992.6950919012618
1766,CACCTCGAGCGATGCT-1,-2470.692869935922,950.6202704667231
1767,TCCTCACGTGTAGACG-1,-2469.126307184377,908.333926799896
1768,AGAACAGGAGCATGGA-1,-2467.7532546479965,866.0294803422861
1769,TGGTATGCAAGTCTAT-1,-2466.1866918964515,823.7431366754593
1770,CGCATGAGGAGCGTCT-1,-2464.6201291449065,781.4567930086325
1771,CTTAGCTTAGTTCTCG-1,-2463.053566393362,739.1704493418058
1821,TAGGCATCTGCGGACC-1,-2518.9419976660542,1348.7947594269426
1822,CTAATCTGGCCGTGTT-1,-2517.3754349145097,1306.508415760116
1823,TAAGGACGCCTGGTTG-1,-2515.8088721629647,1264.2220720932892
1824,ATCGTACACCTATGCC-1,-2514.2423094114197,1221.9357284264622
1825,GTTAACTCCGACCACT-1,-2512.6757466598747,1179.6493847596353
1826,ATCGCAGTAACTTATT-1,-2511.3026941234943,1137.3449383020254
1827,AAGATTATCTAGCATA-1,-2509.7361313719493,1095.0585946351985
1828,TGTTGGAACGAGGTCA-1,-2508.1764338830862,1052.9837732006597
1829,ACCGTACACGACCGTC-1,-2506.609871131542,1010.6974295338329
1830,GCTGTAGTGCTGTCGC-1,-2505.0433083799967,968.4110858670062
1831,ATTACTCCGTGAAGCG-1,-2503.670255843616,926.1066394093964
1832,TCCATGATGTGATCAA-1,-2502.1036930920714,883.8202957425694
1833,TGACCAATCAGCCACG-1,-2500.537130340527,841.5339520757425
1834,GCAGGCTACCGTCCTT-1,-2498.9705675889813,799.2476084089154
1835,AACAGGTTATTGCACC-1,-2497.404004837437,756.9612647420887
1836,AGGTGAAGTGACGACT-1,-2496.0378175637384,714.8683405167668
1837,TATGACGGAGATTGGC-1,-2494.4712548121934,672.5819968499402
1884,GCCTGGTACATGGTCG-1,-2553.292436110129,1366.5855748272259
1885,ATTAGATAAGACGGCG-1,-2551.725873358584,1324.299231160399
1886,GTATGTTAGTTCTACC-1,-2550.15931060704,1282.012887493572
1887,TCAGCGTGACCTTACC-1,-2548.786258070659,1239.7084410359626
1888,CGAGGAGTCTAAGGAT-1,-2547.2265605817956,1197.6336196014233
1889,CTGGTGCGTTCACGAG-1,-2545.6599978302515,1155.3472759345966
1890,GAGGATCCAGAACTGG-1,-2544.0934350787065,1113.0609322677697
1891,ATGACCTCACTTAACC-1,-2542.5268723271615,1070.774588600943
1892,AGTCGGACCGTGCTTA-1,-2541.1538197907807,1028.470142143333
1893,GCATTACCTGTCAAGA-1,-2539.587257039236,986.1837984765061
1894,CAGCCAGTCCTGTCGG-1,-2538.020694287691,943.8974548096792
1895,AATAGTGCTCATAGAA-1,-2536.454131536146,901.6111111428526
1896,ATCTCCTTGCGATACA-1,-2534.8875687846016,859.3247674760256
1897,GTACAACTCGGCAGAA-1,-2533.5213815109028,817.231843250704
1898,GCTGACAGCCGGAGCG-1,-2531.954818759358,774.9454995838768
1899,CCTCACCTAGTGGCAA-1,-2530.3882560078127,732.6591559170502
1900,TCAGTCGTGCCGGCAG-1,-2528.821693256268,690.372812250223
1949,AATAACGTAACTGTGA-1,-2586.0763118026593,1342.0900465606821
1950,ATCCGTAGCTTCAGTA-1,-2584.710124528961,1299.9971223353605
1951,CCGGCGAACCGTGCAC-1,-2583.143561777416,1257.7107786685333
1952,ACCAAGTGGCTGTATG-1,-2581.576999025871,1215.4244350017063
1953,CTATCGGATATCGGAG-1,-2580.010436274326,1173.1380913348794
1954,CCAGATAGACGAGGTG-1,-2578.4438735227814,1130.851747668053
1955,CGAACCAGAAGTCTGG-1,-2577.0708209864006,1088.547301210443
1956,GAGTCTGGTGAATGAG-1,-2575.504258234856,1046.260957543616
1957,TAGTGATGACTCCTGG-1,-2573.937695483311,1003.9746138767891
1958,CTCACGTTCGGTCTGC-1,-2572.3711327317665,961.6882702099623
1959,AATGTCAGGTCATTAC-1,-2570.8114352429034,919.6134487754235
1960,CTGGTGGCCAATAAGT-1,-2569.4383827065226,877.3090023178137
1961,TGGTACGGACGTAGTT-1,-2567.8718199549776,835.0226586509868
1962,GACTGCCATAGAATAC-1,-2566.305257203433,792.7363149841601
1963,TATGTCGAGGTTGAAG-1,-2564.738694451888,750.4499713173329
1964,AGATGCTCCGTCATCT-1,-2563.1721317003435,708.1636276505063
2014,CGGTTATCTGTCTTAA-1,-2617.4940002214908,1275.5015940688165
2015,CTGGAATAGTGCAAGT-1,-2615.927437469946,1233.2152504019896
2016,GCTCATACAATTAGAC-1,-2614.5543849335654,1190.91080394438
2017,GGCGGAGCACTGATAA-1,-2612.9878221820204,1148.624460277553
2018,GACTACGAGTTCCATT-1,-2611.421259430476,1106.3381166107263
2019,AATGGCATAGTATCAT-1,-2609.854696678931,1064.0517729438993
2020,TAGTGAGGACATGTTG-1,-2608.294999190068,1021.9769515093604
2021,GAACTGTAACTCAGGC-1,-2606.921946653688,979.6725050517506
2022,ATCATTGTCCATGCCA-1,-2605.3553839021424,937.3861613849238
2023,CCTACCACTCCAGTTA-1,-2603.7888211505974,895.0998177180968
2024,CAGACGCAGTAGGTCT-1,-2602.2222583990533,852.8134740512698
2025,ATTGCATATTGTTATC-1,-2600.655695647508,810.527130384443
2026,GCTGGATGACTCTACC-1,-2599.282643111127,768.2226839268334
2027,GGTACGATCGACTTAA-1,-2597.7160803595825,725.9363402600067
2028,ATTCAAGATTAGTTGC-1,-2596.149517608038,683.6499965931795
2079,CGATGCACCAGGCCTC-1,-2650.4713861291852,1250.98796301149
2080,GATGTAGGAGTTGGCC-1,-2648.9048233776402,1208.701619344663
2081,GCCTTGGCGAACAATC-1,-2647.3382606260957,1166.415275677836
2082,CGACCAGAAGGATCCG-1,-2645.7785631372326,1124.3404542432972
2083,TGCGGACTCACGTGAT-1,-2644.2120003856876,1082.0541105764705
2084,TAGCTTAAGCTGGCGT-1,-2642.838947849307,1039.7496641188604
2085,ATGGAGTAATCGGACC-1,-2641.2723850977627,997.4633204520335
2086,GCGTACCGTGTATCAG-1,-2639.7058223462177,955.176976785207
2087,GAGCTACAGCTCGGTA-1,-2638.1392595946727,912.8906331183798
2088,ATAGTCCGCCGTTGGC-1,-2636.5726968431277,870.604289451553
2089,CGAGGAGCGTTCGTTA-1,-2635.1996443067474,828.2998429939433
2090,AGATTGAGTTAGGAAC-1,-2633.633081555203,786.0134993271162
2091,TAGTGCACTATTGTCA-1,-2632.0733840663393,743.9386778925773
2092,GTGCAGGCACTCTAGG-1,-2630.5068213147947,701.6523342257506
2093,ACGCCGGCATCACTGG-1,-2628.94025856325,659.3659905589234
2142,AAGTCTTAAGTTGCCA-1,-2684.8218245732605,1268.778778411773
2143,GACCACATTCTTGAAT-1,-2683.262127084397,1226.703956977234
2144,TAACGTCACTATAATC-1,-2681.6955643328524,1184.4176133104072
2145,CCTCTACCGTGATTGG-1,-2680.322511796472,1142.1131668527973
2146,TCCAACTAAGACTCCA-1,-2678.755949044927,1099.8268231859706
2147,GTTGACGAACCAGAAC-1,-2677.189386293382,1057.5404795191437
2148,GCTTCTAGCGTTCATT-1,-2675.622823541837,1015.2541358523167
2149,TGCTATCCATGTAATA-1,-2674.056260790293,972.9677921854898
2150,GGCGTGGCACGGCACT-1,-2672.683208253912,930.6633457278801
2151,CCGACAACGTCATCGG-1,-2671.123510765049,888.588524293341
2152,CGCTGCTTCGCATACT-1,-2669.556948013504,846.3021806265144
2153,TCTATTCTGCATTGGC-1,-2667.9903852619595,804.0158369596877
2154,CTGAAGTGCTGAACTG-1,-2666.4238225104145,761.7294932928605
2155,TCTGTACGCTGTCCTC-1,-2665.0507699740338,719.4250468352509
2156,GCGAGGATCGACCTTA-1,-2663.484207222489,677.1387031684238
2207,GACAACGGACTCAGCT-1,-2717.6125655284727,1244.494772377517
2208,TGAGGTAGGACTACTG-1,-2716.239512992092,1202.190325919907
2209,GTACCTGAAGTGAATG-1,-2714.672950240547,1159.9039822530806
2210,AGGACGTCGGCACGAA-1,-2713.1063874890024,1117.6176385862536
2211,GCCGCTGATTGGCCAG-1,-2711.5398247374574,1075.3312949194267
2212,GAGTAGGATGGTAGTC-1,-2709.973261985912,1033.0449512525997
2213,CAAGACCACTATCGAA-1,-2708.6070747122135,990.9520270272782
2214,CTATGTAGGCCGAACG-1,-2707.040511960669,948.6656833604512
2215,AGGCATTACTATAGTA-1,-2705.473949209124,906.3793396936244
2216,CTAAGCGTGCCTGCAA-1,-2703.9073864575794,864.0929960267974
2217,CGATAAGGTGCCTGAC-1,-2702.3408237060344,821.8066523599705
2218,GGACCGATCTGGATTA-1,-2700.9677711696536,779.5022059023609
2219,GGCGCCACTGAACATC-1,-2699.4012084181086,737.2158622355338
2220,TCCTCATCGTGCTGGA-1,-2697.8346456665645,694.9295185687071
2221,ACTCTAAGCTTGCGCC-1,-2696.268082915019,652.64317490188
2271,CTATGTGCGGTTGACT-1,-2750.5899514361668,1219.9811413201903
2272,TGGTAGCATCAAGTCT-1,-2749.0233886846218,1177.6947976533634
2273,CATTAACTATTGTTCC-1,-2747.456825933077,1135.4084539865366
2274,CTCGACTCCTAATGGA-1,-2746.0906386593783,1093.3155297612147
2275,TGAAGTATGATCGTGC-1,-2744.5240759078333,1051.029186094388
2276,ATTAAGAACAGCTCCG-1,-2742.9575131562888,1008.7428424275612
2277,GACAAGCTGAATCTGG-1,-2741.3909504047438,966.4564987607343
2278,TAGTGACTCAATTGCT-1,-2739.8243876531988,924.1701550939074
2279,TGAGACAGAAGTGCTC-1,-2738.451335116818,881.8657086362975
2280,GACAACTTAACCAACC-1,-2736.884772365274,839.5793649694706
2281,GGAGCGGCACCTCGTA-1,-2735.318209613729,797.2930213026438
2282,AATAGTTGGTGCTCAG-1,-2733.751646862184,755.0066776358171
2283,CTCATCCTGGCAAGTC-1,-2732.191949373321,712.9318562012782
2284,TCTGCGTGCTATTCTA-1,-2730.8188968369404,670.6274097436685
2285,GCGATGACCGTGTAAT-1,-2729.252334085396,628.3410660768413
2335,GTGAAGATGAGTGCCT-1,-2784.9403898802416,1237.7719567204736
2336,CTTAGTCTATCGAGAC-1,-2783.5742026065427,1195.6790324951517
2337,GAGGTATTAATAGCGG-1,-2782.007639854998,1153.3926888283247
2338,CAACGCTTGCTCCTAC-1,-2780.4410771034536,1111.1063451614978
2339,GTCCTTCATCAGATCA-1,-2778.874514351908,1068.820001494671
2340,GTGACAAGATGCTCAT-1,-2777.3079516003636,1026.533657827844
2341,TAGGTCTTGGCTCGTC-1,-2775.9348990639833,984.2292113702345
2342,GCGACACTAAGCTAAG-1,-2774.3683363124383,941.9428677034075
2343,CAACTGCTGGAGTTAT-1,-2772.8017735608933,899.6565240365807
2344,AGTGCCAGATGCTCTG-1,-2771.2352108093487,857.3701803697537
2345,CCAGCACTCGACTGAC-1,-2769.675513320486,815.2953589352148
2346,CAGACAGTCGGATCTG-1,-2768.3024607841053,772.9909124776052
2347,GTAACATACACCTGTT-1,-2766.73589803256,730.704568810778
2348,TAGACATACGTCTAAT-1,-2765.1693352810153,688.4182251439513
2349,GCATTGACTACAGCGA-1,-2763.6027725294707,646.1318814771247
2398,AACTGCCTCGATAGGT-1,-2819.491203802163,1255.7561915622616
2399,CCGAGGATGACTCGTC-1,-2817.9246410506184,1213.469847895435
2400,AATGAAGACGGTTCAG-1,-2816.358078299073,1171.1835042286082
2401,TATGACAATGCTTGAA-1,-2814.7915155475284,1128.8971605617812
2402,TGCCTAAGTTAATTAT-1,-2813.224952795984,1086.6108168949543
2403,CTTAGCTACGCAAGGT-1,-2811.851900259603,1044.3063704373442
2404,CGCTCGGTACTGCGAA-1,-2810.285337508058,1002.0200267705173
2405,GTCTGATATCTGAATT-1,-2808.7256400191955,959.9452053359786
2406,AACTTCGCTTAGTCAG-1,-2807.1590772676504,917.6588616691516
2407,TCTTCGCCATTCGAAT-1,-2805.592514516105,875.372518002325
2408,GGCTGACGCCGAATCA-1,-2804.2194619797247,833.0680715447152
2409,TGCGTTATGTTCCGGA-1,-2802.65289922818,790.7817278778884
2410,TAATACCGTTAATTGC-1,-2801.086336476635,748.4953842110613
2411,CCTGGCTTATGGTCTG-1,-2799.5197737250905,706.2090405442342
2412,TGCGAATTCTCCGCAC-1,-2797.9532109735455,663.9226968774076
2413,GTATTATGAGTTAGCG-1,-2796.5801584371648,621.618250419798
2414,TGGATCCAGTCACTTC-1,-2795.020460948302,579.543428985259
2462,CTCAATGACCATTAAG-1,-2853.841642246238,1273.5470069625449
2463,GCAAGATAGGTTAACT-1,-2852.2750794946933,1231.260663295718
2464,ATACGCTGAGATCAGA-1,-2850.7085167431483,1188.974319628891
2465,TCTTAGTCGTCTCGGC-1,-2849.335464206768,1146.6698731712813
2466,TATCCACTTGCGTATC-1,-2847.768901455223,1104.3835295044544
2467,ATCTGTACGCGTCTCC-1,-2846.20920396636,1062.3087080699156
2468,AGAAGCAGCCTAAGCT-1,-2844.642641214815,1020.0223644030888
2469,CTTCGATACTCCGACC-1,-2843.0760784632703,977.7360207362617
2470,CGCCTTGTGAAGTCTA-1,-2841.7030259268895,935.4315742786519
2471,ATGTGCGTCTGAACAG-1,-2840.1364631753445,893.1452306118249
2472,GGCCTTCGACCAGGTA-1,-2838.5699004238004,850.858886944998
2473,CTTCCGACGCACAACC-1,-2837.003337672255,808.5725432781713
2474,GGAGCGAGTGTAACTT-1,-2835.4367749207104,766.2861996113446
2475,TCAGCTCGCCAGGATG-1,-2834.0637223843296,723.9817531537345
2476,CCGCTGTTGCCATACG-1,-2832.504024895467,681.9069317191957
2477,GTAGAAGGACATCATA-1,-2830.9374621439215,639.6205880523689
2478,CGAATGGACCGTCTTG-1,-2829.370899392377,597.3342443855418
2479,ACGAACGCACGAGCAC-1,-2827.8043366408324,555.0479007187151
2526,TGGCCTGACATACTCA-1,-2886.625517938768,1249.051478696001
2527,CTTACGGTAAGCCGAA-1,-2885.2524654023873,1206.747032238391
2528,GAGGTGCATTCGGATC-1,-2883.692767913524,1164.6722108038523
2529,GCCAGTAGACGATACC-1,-2882.12620516198,1122.3858671370253
2530,CTGTTCCAGAAGCTGA-1,-2880.5596424104347,1080.0995234701986
2531,AAGCAGCGGACACGTG-1,-2878.99307965889,1037.813179803372
2532,CACGTCCACGACCTAT-1,-2877.62002712251,995.508733345762
2533,AGTGAGTATTCTAAGT-1,-2876.053464370965,953.2223896789351
2534,GTATCTGTCAACGGTG-1,-2874.4869016194198,910.9360460121081
2535,AACTCAACCTTGACCA-1,-2872.9203388678748,868.6497023452813
2536,TGTAAGATCTTCACAT-1,-2871.35377611633,826.3633586784542
2537,GCAGATCCTAATGTGG-1,-2869.9875888426313,784.2704344531328
2538,ATTCTACTGGTCGTTC-1,-2868.4210260910863,741.9840907863056
2539,GCCTGGTCAGGTTGCC-1,-2866.854463339542,699.6977471194789
2540,CAACTGCAGTGCAATA-1,-2865.2879005879972,657.4114034526522
2541,TATCACTTCGAGCCGT-1,-2863.7213378364518,615.1250597858252
2542,GGTCTGCGAACTGTAT-1,-2862.348285300071,572.8206133282156
2543,GTGAAGTGATCGTGCT-1,-2860.7817225485264,530.5342696613884
2590,GGTCTTGAACCGGCCA-1,-2921.1763318606895,1267.0357135377892
2591,CTCCTACATTGTATCT-1,-2919.6097691091445,1224.7493698709623
2592,CTCAATACGTTAACCG-1,-2918.0432063575995,1182.4630262041355
2593,CGTCAAGGCGGAATGT-1,-2916.476643606055,1140.1766825373086
2594,CGACAATTATTCTGTC-1,-2915.103591069674,1097.8722360796987
2595,GACAGTCACTTCGCTC-1,-2913.5370283181296,1055.5858924128718
2596,GCCGGTATGCTCATGC-1,-2911.970465566584,1013.299548746045
2597,AATAGTATAGTTGTCG-1,-2910.4039028150396,971.0132050792181
2598,GAACAGATAACCTTAA-1,-2908.837340063495,928.7268614123913
2599,CTGTCACTCGGCCTTA-1,-2907.471152789796,886.6339371870696
2600,ATGTATCGGAATACGG-1,-2905.904590038251,844.3475935202428
2601,CGGCAACCTAAGTCCA-1,-2904.3380272867066,802.0612498534156
2602,GTGACTGTCCTGGTAT-1,-2902.7714645351616,759.7749061865889
2603,TACACTGCAGGTTAGA-1,-2901.204901783616,717.4885625197618
2604,TAACGCTTATGCCATA-1,-2899.831849247236,675.1841160621522
2605,ACAGAATGTCTTATTG-1,-2898.2652864956913,632.8977723953255
2606,GGTCTGAAGTATGTCA-1,-2896.6987237441463,590.6114287284984
2607,GTCACTAAGCCAGCGG-1,-2895.1321609926017,548.3250850616716
2654,GGAATCCTTAGACTGT-1,-2953.96020755322,1242.5401852712453
2655,GTTGACTAGAGCACGT-1,-2952.3936448016743,1200.2538416044185
2656,GGTAAGGCGACGATGA-1,-2951.0205922652935,1157.9493951468087
2657,CAGATTGCCTGTAAGT-1,-2949.454029513749,1115.6630514799817
2658,GCAGGCCATTCCTGCC-1,-2947.8874667622044,1073.3767078131548
2659,AGACCGACCGCAGACA-1,-2946.3209040106594,1031.0903641463278
2660,CGAGGAAGACTTAGAT-1,-2944.761206521797,989.0155427117893
2661,GCACCTTACTGGCTAC-1,-2943.388153985416,946.7110962541794
2662,CATGTTACCGAAGGCG-1,-2941.821591233871,904.4247525873525
2663,ATTCACGTCGCAGGCT-1,-2940.2550284823265,862.1384089205258
2664,ATAGTTAAGGCACGAG-1,-2938.6884657307814,819.8520652536988
2665,AAGTGGCGAAGTTAAT-1,-2937.1219029792364,777.5657215868717
2666,GAGTCCACTCATAACA-1,-2935.7488504428557,735.2612751292621
2667,CAGTACAGTTGTGGAA-1,-2934.1822876913116,692.974931462435
2668,CGATGAGGCCAACGTA-1,-2932.622590202448,650.9001100278965
2669,CCGATGGAACATCAGC-1,-2931.0560274509035,608.6137663610693
2670,ACAGAATCCGTTGCTT-1,-2929.4894646993585,566.3274226942426
2671,GTGGAACAGAAGTCGA-1,-2928.116412162978,524.022976236633
2719,AGTCGCCACTCGGCGA-1,-2986.937593460914,1218.0265542139186
2720,GATGCCTAGAGTCTGT-1,-2985.371030709369,1175.740210547092
2721,TCGTCCAGCATGGCTT-1,-2983.811333220506,1133.665389112553
2722,AGACTCATTGCGGACA-1,-2982.244770468961,1091.3790454457262
2723,CGCTTATGGTTAGGAT-1,-2980.8717179325804,1049.0745989881161
2724,TCAGTTCTCCGGACCG-1,-2979.305155181036,1006.7882553212894
2725,CACGATCATACAATTA-1,-2977.7385924294913,964.5019116544624
2726,CAGATTCCGTATGCGA-1,-2976.172029677946,922.2155679876355
2727,GCACGCATAGGCGATC-1,-2974.6054669264013,879.9292243208087
2728,GATCCACCGCGTGCAA-1,-2973.232414390021,837.624777863199
2729,CCAGACAATATCGTTA-1,-2971.665851638476,795.3384341963721
2730,CGAGGATTCGATCATA-1,-2970.106154149613,753.2636127618332
2731,CCAATCTTGCCTATGG-1,-2968.539591398068,710.9772690950065
2732,TCCAACTGCCGCCATA-1,-2966.9730286465237,668.6909254281793
2733,CATCGCGGTCGGTGCG-1,-2965.599976110143,626.3864789705697
2734,AGTTCGTGCAGACCTT-1,-2964.0334133585975,584.1001353037426
2735,TGACCAGCACTCCAGC-1,-2962.466850607053,541.813791636916
2736,CTCACCTGCCGACTAA-1,-2960.9002878555084,499.5274479700892
2782,GAATAAGGAGAACTAA-1,-3021.2948971676706,1236.0288918464898
2783,CTACATCTACTGGCTT-1,-3019.728334416126,1193.7425481796631
2784,TAGAGGCGATTGATTC-1,-3018.161771664581,1151.456204512836
2785,GTGGTTGCCGCTTCAA-1,-3016.7887191282007,1109.1517580552259
2786,CATCAGATACTAATCG-1,-3015.222156376655,1066.8654143883996
2787,TGCATTGCTGTCGGCG-1,-3013.6555936251107,1024.5790707215726
2788,TAGGATGCACCGTTCA-1,-3012.089030873566,982.2927270547455
2789,TGCAACGTTACCTGGT-1,-3010.5224681220216,940.0063833879186
2790,GCATGACGGATTATCA-1,-3009.149415585641,897.7019369303088
2791,GTTGTCCTGTGATGTA-1,-3007.5897180967772,855.6271154957701
2792,ATAGATGCCTAAGCAC-1,-3006.023155345233,813.3407718289432
2793,CACTTGACATTCAGAA-1,-3004.456592593688,771.054428162116
2794,ATGCATGGTTCCGCCT-1,-3002.8900298421427,728.7680844952898
2795,CCGGCGTCTTAATAAG-1,-3001.5169773057623,686.4636380376797
2796,AATGATTACAACCTAA-1,-2999.950414554218,644.1772943708526
2797,CTCGTTCTGTCACGTT-1,-2998.383851802673,601.890950704026
2798,AGGACGTATCGCCGTA-1,-2996.817289051128,559.6046070371988
2799,TCTTACCGCTCGTATG-1,-2995.250726299583,517.318263370372
2847,AGTCGGTCTAATCTGT-1,-3054.272283075365,1211.5152607891632
2848,CGAGTGCGGCTCGTGG-1,-3052.70572032382,1169.2289171223363
2849,AGCGGTGAGTGACATG-1,-3051.1391575722755,1126.9425734555093
2850,TGGTCGCCGGCTTACT-1,-3049.572594820731,1084.6562297886824
2851,CTTCGATAACATTGGT-1,-3048.0060320691855,1042.3698861218559
2852,GCGAATCGAGAACACG-1,-3046.6329795328047,1000.0654396642459
2853,CTATGCCGTACAGCGT-1,-3045.0732820439425,957.9906182297067
2854,ATCGTCACCATGTCAC-1,-3043.5067192923975,915.7042745628801
2855,TCGGCGCAGAATGTCT-1,-3041.9401565408525,873.4179308960531
2856,CCTTGTGATGGTCTAG-1,-3040.373593789308,831.1315872292262
2857,TCTGCGTGCTTCAGAC-1,-3039.000541252927,788.8271407716163
2858,GGAATGGCAACTTGGA-1,-3037.433978501382,746.5407971047897
2859,GATTCCATTGAGTTGA-1,-3035.867415749838,704.254453437963
2860,CACCTAGACGAGCCGG-1,-3034.3008529982926,661.9681097711359
2861,CTCATAGCCAATGTCG-1,-3032.7342902467476,619.6817661043092
2862,ATGCTGAATGCAATAG-1,-3031.3681029730487,577.5888418789873
2863,CTACTGCTCCGACAGT-1,-3029.8015402215046,535.3024982121601
2911,GTGCAACGACGGTGTT-1,-3087.0561587678953,1187.0197325226193
2912,TGCAGACAATACTGTT-1,-3085.4895960163503,1144.7333888557923
2913,GAGTGCCGCATTAGGC-1,-3083.923033264806,1102.4470451889656
2914,CTGCCGTGAAGTCGCA-1,-3082.556845991107,1060.3541209636437
2915,GCTTGGATGCTCGCTT-1,-3080.990283239562,1018.0677772968169
2916,AAGGCCGACCTACCTG-1,-3079.4237204880174,975.78143362999
2917,ACTTGAAGCGAGCGGT-1,-3077.8571577364723,933.4950899631631
2918,CCTGTCTGCATAGGTC-1,-3076.290594984928,891.2087462963364
2919,AGCGTGGCACCGACAA-1,-3074.9175424485475,848.9042998387265
2920,GAACTACCTTATCATA-1,-3073.3509796970025,806.6179561718997
2921,TCGAGTGGTAGGTCAC-1,-3071.784416945457,764.3316125050726
2922,ATACAAGGTCAGTAGA-1,-3070.2247194565944,722.2567910705341
2923,CTCGGATCGGAATACG-1,-3068.65815670505,679.9704474037069
2924,CAAGTGTTCGCCACGC-1,-3067.285104168669,637.6660009460973
2925,GTCTAGTCTAGCGACG-1,-3065.718541417124,595.3796572792702
2926,GGTTCATTCCGGCCTC-1,-3064.1519786655795,553.0933136124435
2927,CTACGAATTGGCTGGT-1,-3062.585415914035,510.8069699456168
2975,AGCCGGCCTATTCCAG-1,-3121.413462474652,1205.0220701551902
2976,CCGCTGTCACCTGCAA-1,-3120.0404099382713,1162.7176236975804
2977,GATTCCGCTGCAAGAT-1,-3118.473847186727,1120.431280030754
2978,TGAAGCACCGTCATGA-1,-3116.9072844351817,1078.144936363927
2979,CTACAGCGTCTACACT-1,-3115.340721683637,1035.8585926971
2980,CTGAAGGTGCTCGAGG-1,-3113.7741589320926,993.572249030273
2981,ACTCAGGCCTGCAACT-1,-3112.401106395712,951.2678025726632
2982,GGCAGCGTATACGACT-1,-3110.8345436441664,908.9814589058363
2983,TGCACGTAGTTCGAAG-1,-3109.267980892622,866.6951152390097
2984,GCCAGACATCTATCAC-1,-3107.708283403759,824.6202938044705
2985,AGTAAGCTCGGCCAAT-1,-3106.141720652214,782.333950137644
2986,ACATGGATGCGTAAGC-1,-3104.7686681158334,740.0295036800339
2987,GATGTAGCGAGGTCCA-1,-3103.202105364289,697.7431600132072
2988,TGCGCTCATAGAACGA-1,-3101.6355426127443,655.4568163463802
2989,AATGAATCGGAAGGCA-1,-3100.0689798611993,613.1704726795534
2990,CGACGCAGCCTTAGTC-1,-3098.502417109654,570.8841290127264
2991,ATTACTGAGTGCCTCC-1,-3097.1293645732735,528.5796825551167
3038,CTCACCTGAGACTAAG-1,-3155.9574111338916,1222.7947827646904
3039,AGACTCCTGTATGGCG-1,-3154.3908483823466,1180.5084390978636
3040,CTCGACAGCACTCGGA-1,-3152.824285630802,1138.2220954310367
3041,TGTAAGGTGAGCGACC-1,-3151.2577228792575,1095.93575176421
3042,TAGCGTATAGCGCTAA-1,-3149.691160127712,1053.649408097383
3043,AACACTTGGCAAGGAA-1,-3148.318107591331,1011.3449616397731
3044,ATGCTTGGACGAACTT-1,-3146.7515448397867,969.0586179729463
3045,GCCGAGTCCTCGTCCA-1,-3145.191847350924,926.9837965384077
3046,TCTACATGTCCGACTT-1,-3143.6252845993786,884.6974528715807
3047,TATTGATCGTGATCTT-1,-3142.0587218478345,842.4111092047538
3048,ACGTTCACGACTAGGT-1,-3140.6856693114537,800.1066627471439
3049,TCACGATACCTAGCCA-1,-3139.1191065599087,757.8203190803172
3050,CTCCGGCCTACAGCTT-1,-3137.552543808363,715.5339754134902
3051,TGCTTATGACGCTGGC-1,-3135.985981056819,673.2476317466635
3052,GTACGATTAGTCTACA-1,-3134.419418305274,630.9612880798363
3053,TGCACGAGTGTCAGCC-1,-3133.0463657688933,588.6568416222267
3054,CAATCGTCGGAGCATG-1,-3131.486668280031,546.5820201876877
3055,GGCGACCATAGCGTTA-1,-3129.9201055284857,504.2956765208611
3102,CATGATAGGCCATGAG-1,-3190.307849577967,1240.5855981649738
3103,TCAGAATCGATATCAT-1,-3188.741286826422,1198.2992544981469
3104,CTCGCTAGCACCATCT-1,-3187.1747240748764,1156.01291083132
3105,ATGTACTCTGCAGCAC-1,-3185.801671538496,1113.7084643737098
3106,CCGGAGAAGCTAACCA-1,-3184.2351087869515,1071.4221207068829
3107,AATTGGTTATGATACA-1,-3182.6754112980884,1029.3472992723441
3108,TCCTCAATGAGGAACG-1,-3181.108848546544,987.0609556055174
3109,AGGATAACCGGTCGGA-1,-3179.542285794999,944.7746119386907
3110,TGGCCAGATCCGGACA-1,-3178.169233258618,902.4701654810808
3111,ATTCACATCTTATTCT-1,-3176.602670507073,860.1838218142539
3112,AGTATTCAGCTGAATG-1,-3175.0361077555285,817.897478147427
3113,CAGTCAGCCGATCCGG-1,-3173.4695450039835,775.6111344806002
3114,TCCGAATCGCAGGTTC-1,-3171.902982252439,733.324790813773
3115,GTCTTGTATTGTAGAT-1,-3170.5299297160586,691.0203443561634
3116,AAGGCCGATTCTGAGC-1,-3168.970232227195,648.9455229216244
3117,AGGAGCATAATCCACT-1,-3167.4036694756505,606.6591792547977
3118,GCTGAATGACCGTGAG-1,-3165.8371067241055,564.372835587971
3165,GTACAGTATCGGAATT-1,-3224.6582880220417,1258.3764135652568
3166,CTATACCGACTCGCAT-1,-3223.0917252704967,1216.0900698984299
3167,CGCTCGGCCGGTTGTC-1,-3221.718672734116,1173.78562344082
3168,AGTGCGCAACATGCGT-1,-3220.1589752452537,1131.7108020062813
3169,CTAGGCCAGGAGTACG-1,-3218.5924124937083,1089.4244583394545
3170,AGATAAGCCACTCATA-1,-3217.0258497421632,1047.1381146726274
3171,TCTACTCCGACTCGGC-1,-3215.4592869906187,1004.8517710058004
3172,GACGCAGCGTCAAGTT-1,-3214.0862344542384,962.5473245481905
3173,GTAACACCGAGCGTTA-1,-3212.519671702693,920.2609808813638
3174,TAGCTCGAATCGTCCG-1,-3210.9531089511484,877.974637214537
3175,CGTCAGAACGTTGCCG-1,-3209.386546199604,835.6882935477101
3176,GGCGCCACCGGAGCAA-1,-3207.819983448059,793.4019498808832
3177,GTATCTACAGATCTCC-1,-3206.45379617436,751.3090256555615
3178,GGAGTCCAGATAGCTT-1,-3204.887233422815,709.0226819887343
3179,GCCATTGTAACTGATC-1,-3203.3206706712704,666.7363383219076
3180,TGAGACAAGGACGACC-1,-3201.7541079197254,624.4499946550807
3181,AACTATGTGCTTGTTA-1,-3200.1875451681803,582.163650988254
3182,ACAATTGGTCGCGTAA-1,-3198.8144926318,539.8592045306443
3229,GAATGACCACAATCGA-1,-3259.202236681281,1276.1491261747567
3230,CTCAGAAGACAACTCG-1,-3257.642539192418,1234.074304740218
3231,CATGTCCACCTGCGTC-1,-3256.0759764408726,1191.7879610733912
3232,GTGACCGGAGTCATAC-1,-3254.509413689328,1149.5016174065645
3233,TCTACAGGTACGCAGT-1,-3252.9428509377835,1107.2152737397375
3234,CGGAGTGGTCAAGTAT-1,-3251.5697984014027,1064.9108272821277
3235,AAGTACTGGATGCGCA-1,-3250.0032356498577,1022.6244836153007
3236,GGCTCAATCAACATGA-1,-3248.436672898313,980.3381399484739
3237,ATTACTGTCGCATATT-1,-3246.8701101467686,938.051796281647
3238,TGATCGGACCTGGATG-1,-3245.310412657905,895.9769748471081
3239,CCTCGGATCTTGCGGT-1,-3243.9373601215243,853.6725283894982
3240,ATGCTTACTCTAGGAA-1,-3242.3707973699798,811.3861847226713
3241,GCCAGTTCCTCGTGCC-1,-3240.804234618435,769.0998410558448
3242,TAACTTGCACGGCGGA-1,-3239.2376718668897,726.8134973890177
3243,TAAGCCTGTAGCGTCC-1,-3237.6711091153456,684.5271537221911
3244,GTTGAATGGTACAGTA-1,-3236.298056578965,642.222707264581
3245,TACGCCGGAGTTCTGA-1,-3234.73149382742,599.9363635977538
3246,ACGATGTCGTTGCCAA-1,-3233.1649310758744,557.6500199309276
3292,CCTTCCGCTCCGGCAT-1,-3293.5595403880375,1294.1514638073281
3293,AGGCAACTAGCGTACC-1,-3291.992977636493,1251.865120140501
3294,CACTGGTGAGACGCTT-1,-3290.426414884948,1209.5787764736742
3295,TCTGCAAGGACGGCAA-1,-3288.859852133403,1167.2924328068473
3296,TGTTGCGTCCAAGATT-1,-3287.4867995970226,1124.9879863492374
3297,CCGGCGCAGCATGCGA-1,-3285.920236845478,1082.7016426824107
3298,GCTACTTCTGACGCGA-1,-3284.353674093933,1040.415299015584
3299,ACCGAAGCCGAATTAA-1,-3282.7939766050695,998.3404775810452
3300,ATAGCTATTCGCACTC-1,-3281.2274138535254,956.0541339142183
3301,CTATTCCGGCCGTCGG-1,-3279.8543613171446,913.7496874566084
3302,TCCGCCAAGGTCCGTT-1,-3278.2877985655996,871.4633437897814
3303,GCACAGCTGTGGTTGA-1,-3276.721235814055,829.1770001229544
3304,TCCAAGACCGCTTGAT-1,-3275.15467306251,786.8906564561274
3305,AACTTCAGATACTACC-1,-3273.5881103109655,744.604312789301
3306,GCTGCCGCCTATGTAG-1,-3272.2150577745847,702.299866331691
3307,TCTTCGAACAGCGTTA-1,-3270.6484950230397,660.0135226648642
3308,TATCCAAGCGCCGTAG-1,-3269.0887975341766,617.9387012303253
3309,GCTAACCATAGGCGTT-1,-3267.522234782632,575.6523575634985
3310,TCCGGTTCCGTTCTAG-1,-3265.955672031087,533.3660138966716
3356,CGAGTCACTCATAGAT-1,-3327.9099788321123,1311.9422792076114
3357,ACAGAATCTTGATAAG-1,-3326.343416080568,1269.6559355407842
3358,AGTTGGCACCAGTTAC-1,-3324.9703635441874,1227.3514890831743
3359,TAGCTAGAGGCCTGAA-1,-3323.4038007926424,1185.0651454163474
3360,TAGTTCGAATTAGCGG-1,-3321.837238041097,1142.7788017495204
3361,CCTAGCCTAGTACCGG-1,-3320.2775405522348,1100.703980314982
3362,ACTCGTATTGTCAGAA-1,-3318.7109778006898,1058.417636648155
3363,CTACAGAATTAATGAC-1,-3317.337925264309,1016.1131901905451
3364,GTATGTAGCTCACCTT-1,-3315.771362512765,973.8268465237184
3365,AATAACATGTTACGTC-1,-3314.2047997612194,931.5405028568914
3366,GGTGGCTTATTGCGTG-1,-3312.638237009675,889.2541591900646
3367,GAACTTGGTGAGGATA-1,-3311.07167425813,846.9678155232376
3368,TACAAGCGCCTCTACA-1,-3309.6986217217495,804.6633690656278
3369,GTCGTGTTCATGTCAG-1,-3308.132058970204,762.3770253988009
3370,GAGGTCACTGTAAGCT-1,-3306.5723614813414,720.3022039642619
3371,AGGATATCGCGAATAC-1,-3305.005798729797,678.0158602974352
3372,TATCACATAGCGAACT-1,-3303.439235978252,635.7295166306086
3373,CAATGCATTGACGGCA-1,-3302.066183441871,593.4250701729985
3374,TACGGTTAATGTACTA-1,-3300.499620690326,551.1387265061719
3375,CTTAGTCTTATTCGGA-1,-3298.9330579387815,508.85238283934467
3400,ATTACCTTCGCAGAAG-1,-3391.4308483846835,2132.804888185378
3420,GTGATCTACGAGATCC-1,-3360.8873647398077,1287.4286481502845
3421,CACGAGGCCATCCACT-1,-3359.3208019882622,1245.1423044834576
3422,TGACTCTGCTCGCACG-1,-3357.761104499399,1203.0674830489188
3423,TCGGACTGCCACCTCC-1,-3356.1945417478546,1160.7811393820916
3424,GCTTCGGCATCAGAGT-1,-3354.6279789963096,1118.494795715265
3425,TGGTCTGCTCAGGTTG-1,-3353.254926459929,1076.190349257655
3426,GACCGAATCTAATACG-1,-3351.6883637083843,1033.904005590828
3427,CTGACTCCGAATCTGC-1,-3350.1218009568393,991.6176619240011
3428,TCTACACTAATTACTC-1,-3348.5552382052947,949.3313182571745
3429,GCACTGAATATGACAG-1,-3346.9886754537497,907.0449745903477
3430,AGTTACCTCACCAGCA-1,-3345.615622917369,864.7405281327378
3431,GTCACTTATGAATGCG-1,-3344.0559254285063,822.6657066981991
3432,ATCCGATGACCTCGGA-1,-3342.4893626769617,780.3793630313721
3433,CCTATGTCTTACCGGC-1,-3340.9227999254163,738.0930193645453
3434,GTTAGACAATGGATGA-1,-3339.3562371738717,695.8066756977181
3435,ACCGTACTATCGGAGG-1,-3337.9831846374914,653.5022292401085
3436,GGCGTCGCCGTATGAT-1,-3336.4166218859464,611.2158855732819
3437,GCAGACGCCTGGTTAT-1,-3334.850059134401,568.9295419064547
3438,ATTCCGCTCCATCAGC-1,-3333.283496382857,526.643198239628
3484,GCTTCTGTTACGAGAA-1,-3395.244668446564,1305.4309857828555
3485,GAACTCATAGTGAGTG-1,-3393.6781056950194,1263.1446421160285
3486,TGTTACCTATTGGACA-1,-3392.1115429434744,1220.8582984492018
3487,ATCAGATACCAGCTGT-1,-3390.7384904070936,1178.553851991592
3488,TGCCGAGTTAAGAACG-1,-3389.1719276555486,1136.2675083247652
3489,CCTATGCCAGCAATCC-1,-3387.605364904004,1093.9811646579383
3490,ATGCATGCCTGCGATG-1,-3386.038802152459,1051.694820991111
3491,TATTCTCAGCGGCTGG-1,-3384.472239400914,1009.4084773242844
3492,TAGCTACCATACTGCT-1,-3383.1060521272157,967.3155530989627
3493,AGTGCAATAACTAACA-1,-3381.539489375671,925.0292094321358
3494,CGCTGTGACATAGGCA-1,-3379.972926624126,882.7428657653088
3495,ATCAGTAAGCTCGCCG-1,-3378.406363872581,840.4565220984819
3496,CGCTAGCCGCATGCAT-1,-3376.8398011210365,798.1701784316552
3497,ACGTTCTGCCATAATC-1,-3375.4667485846558,755.8657319740452
3498,TCTAGATAAGGTTAGC-1,-3373.9001858331108,713.5793883072184
3499,CACGGTCTTGGTTAAT-1,-3372.333623081566,671.2930446403914
3500,TGCTGTCTTGTTAATG-1,-3370.767060330021,629.0067009735646
3501,TCATCTGCCGCTATTC-1,-3369.2073628411586,586.9318795390257
3502,TCGTATGCCGGACGTT-1,-3367.8343103047782,544.627433081416
3503,ACGATGCGAAGGAGCA-1,-3366.2677475532328,502.34108941458896
3547,ACATGTTCCAGGACGT-1,-3429.595106890639,1323.2218011831387
3548,TCAAGGTCTGAATATG-1,-3428.0285441390943,1280.9354575163118
3549,GTCTGATAGATTATAA-1,-3426.6554916027135,1238.631011058702
3550,AATAGTGGAAGAGCAT-1,-3425.088928851169,1196.344667391875
3551,GAATCATGAACCAGTG-1,-3423.5223660996235,1154.058323725048
3552,TAACTCCAACATGGAC-1,-3421.9558033480794,1111.7719800582213
3553,TGTCAGTGGCTTCCAT-1,-3420.3961058592163,1069.6971586236823
3554,TATGGCCATAATAGAC-1,-3419.0230533228355,1027.392712166073
3555,CCACGTCGGTCGCTTC-1,-3417.4564905712905,985.1063684992457
3556,TCCAACGAAGATGCTT-1,-3415.889927819746,942.8200248324188
3557,CAGGCGAGGTCTTGGA-1,-3414.323365068201,900.5336811655918
3558,TCCGGCTATGCTCAGT-1,-3412.7568023166564,858.247337498765
3559,CTAAGCTTACAGTACG-1,-3411.383749780276,815.9428910411551
3560,CACGAGGTATAGGTAT-1,-3409.8171870287306,773.6565473743285
3561,CCGTCTTATGGACGAG-1,-3408.250624277186,731.3702037075018
3562,CTCGATGTTGAACGGC-1,-3406.6909267883234,689.2953822729628
3563,CTATTCGTCTTACATA-1,-3405.124364036778,647.0090386061357
3564,TAAGGATCTGAAGATA-1,-3403.751311500397,604.7045921485261
3565,GAGTCCACGCCTGAAG-1,-3402.1847487488526,562.4182484816989
3566,AGCCGATGTTCTACTC-1,-3400.618185997308,520.1319048148723
3567,CTAGCACGATCACTGT-1,-3399.051623245763,477.84556114804514
3610,AAGAATTCTGGCTGCA-1,-3465.512108086259,1383.2989602502485
3611,ACGGCTATGGCATACC-1,-3464.1390555498783,1340.9945137926388
3612,GATACTTCACTCAGCA-1,-3462.5724927983333,1298.7081701258119
3613,TGCATTCGCTACAATG-1,-3461.0059300467888,1256.421826458985
3614,ATGCTACTGAATAGTA-1,-3459.4393672952438,1214.135482792158
3615,GTATACGGTACACGCA-1,-3457.879669806381,1172.0606613576192
3616,CTTACGAACTCCGTCC-1,-3456.506617270001,1129.7562149000096
3617,ATCCGTGGAACTTCAA-1,-3454.9400545184553,1087.4698712331826
3618,GCAATTCCTATCATAC-1,-3453.3734917669103,1045.1835275663557
3619,CCACGAACGCTGCCGC-1,-3451.8069290153658,1002.897183899529
3620,ACCTGCTTGCTACGAC-1,-3450.2403662638208,960.6108402327021
3621,ACGGCCGTCAACGTAT-1,-3448.86731372744,918.3063937750923
3622,GTCTTGAACAATTACA-1,-3447.3007509758954,876.0200501082654
3623,AGACATCTTAGCACCT-1,-3445.734188224351,833.7337064414382
3624,AATACGTAGACAGTTA-1,-3444.1744907354882,791.6588850068995
3625,GAGCCAGCTTACGGTA-1,-3442.607927983943,749.3725413400728
3626,CGGCCTAACGATAATG-1,-3441.234875447562,707.0680948824627
3627,ATACTAGCCACTTCGC-1,-3439.6683126960174,664.7817512156361
3628,CAGCTTGGTTCGGTCG-1,-3438.101749944473,622.4954075488093
3629,TCACGCTATCCACTAC-1,-3436.5351871929274,580.2090638819823
3630,GTAGTCCAGCGGACAT-1,-3434.9686244413833,537.9227202151551
3631,TAAGGTATGAATGCTA-1,-3433.5955719050025,495.61827375754547
3632,CAGGACAGAAGGCTGG-1,-3432.0290091534575,453.33193009071834
3673,GGTATGCAACAGTGGC-1,-3500.0560567454986,1401.0716728597486
3674,CTGTTCGTATGCACCA-1,-3498.489493993953,1358.7853291929216
3675,GCTGAGGACAAGAAGT-1,-3496.9229312424086,1316.4989855260947
3676,ATGTAGCCGACCAAGG-1,-3495.363233753546,1274.4241640915561
3677,TGCGGACTTCTGTCGC-1,-3493.7966710020005,1232.1378204247292
3678,TGAGACTATTGAATCT-1,-3492.4236184656197,1189.8333739671195
3679,CGGATGTTGAACCACG-1,-3490.857055714075,1147.5470303002926
3680,ACAGGACTGAGCCGAT-1,-3489.2904929625306,1105.2606866334656
3681,TCGTATTCTGAGTGGC-1,-3487.7239302109856,1062.9743429666387
3682,AGCTCGACAGGCGATA-1,-3486.1573674594406,1020.6879992998118
3683,CTAAGCTCCACGATCA-1,-3484.7843149230603,978.383552842202
3684,AAGCAGTGGCATCACT-1,-3483.2177521715157,936.0972091753754
3685,ACGATGTCGCACAATC-1,-3481.658054682652,894.0223877408362
3686,TCCGCCTTGTTCTGAT-1,-3480.091491931107,851.7360440740097
3687,TGCAGTCGAGCACCAA-1,-3478.524929179563,809.4497004071827
3688,TATGGCAGTTCGTCTA-1,-3477.1518766431823,767.1452539495726
3689,CAACGGCACTCAGTCC-1,-3475.585313891637,724.8589102827461
3690,GTCACTACTTAATGGA-1,-3474.0187511400927,682.572566615919
3691,AGACTGGTAAGGAGGT-1,-3472.4521883885477,640.2862229490922
3692,CGTCCATGTAGCGTCT-1,-3470.8856256370027,597.9998792822655
3693,GGCGCCGTCGGACATA-1,-3469.512573100622,555.6954328246554
3694,CTCCGGATCCTCGCTC-1,-3467.9528756117593,513.620611390117
3695,AGGACTGAAGTGCCTT-1,-3466.3863128602143,471.3342677232898
3696,CGCACTTAAGGCATGC-1,-3464.8197501086697,429.0479240564627
3737,ATTAAGAATAACGCTT-1,-3534.4064951895734,1418.8624882600318
3738,GACGGTGGTTGATGTC-1,-3532.8467977007103,1376.787666825493
3739,TGACCTCCTTCAGATT-1,-3531.2802349491653,1334.5013231586659
3740,GTCAGTAATCCAATTA-1,-3529.9071824127846,1292.1968767010562
3741,CGGATTGCGTCTACCT-1,-3528.34061966124,1249.9105330342293
3742,TAAGCCTGGCTTCAGT-1,-3526.7740569096954,1207.6241893674023
3743,TATTCTAAGGCTCATC-1,-3525.20749415815,1165.3378457005756
3744,GAGTTAATTCCACTGG-1,-3523.640931406606,1123.0515020337489
3745,GGTACGGTATGCTCCA-1,-3522.267878870225,1080.7470555761388
3746,TATTCGGTGGAGATTC-1,-3520.70131611868,1038.460711909312
3747,ACCAATGAGCCTCATC-1,-3519.1416186298165,996.3858904747733
3748,GTGCTCAATGCAACCT-1,-3517.5750558782725,954.0995468079464
3749,CTCGATGCGGTGTTAA-1,-3516.0084931267274,911.8132031411194
3750,CCGTATAATCTGGCCG-1,-3514.6354405903467,869.5087566835095
3751,CTTGATGCAATCACAA-1,-3513.068877838802,827.2224130166829
3752,ACAGAATAAGATAGTG-1,-3511.502315087257,784.9360693498561
3753,TCGGAGCGTTACCTCG-1,-3509.935752335712,742.6497256830289
3754,TATGTCATAAGCGTCG-1,-3508.369189584167,700.3633820162022
3755,CGAATTACTGCTCCGG-1,-3507.0030023104687,658.2704577908803
3756,TACGACTCTGAACACT-1,-3505.4364395589237,615.9841141240536
3757,GTGACATGTACCACCT-1,-3503.869876807379,573.6977704572265
3758,ACCGGCACGTACGAAC-1,-3502.3033140558346,531.4114267903998
3759,AAGTGAGCCTGTTACA-1,-3500.7367513042896,489.1250831235732
3760,CTCCTACTTGAGTAAG-1,-3499.3636987679088,446.8206366659631
3761,CGGAGCCGCAATAGCC-1,-3497.7971360163638,404.5342929991359
3801,AAGGCGACGGTGTCGG-1,-3567.1972361447856,1394.578482225776
3802,AATTCTTGGATACGGA-1,-3565.824183608405,1352.2740357681664
3803,TATGTTGCAGTCTAGG-1,-3564.25762085686,1309.9876921013395
3804,TGCGTGTCAGCCAGTG-1,-3562.6910581053153,1267.7013484345125
3805,GCACGCTTCGTTGTTC-1,-3561.1244953537703,1225.4150047676856
3806,AGCCGTAGTGGAGTGC-1,-3559.5579326022253,1183.1286611008586
3807,CACGTACGTAGCTCAT-1,-3558.1917453285264,1141.0357368755367
3808,CGGCAATCAACGTGGA-1,-3556.625182576982,1098.74939320871
3809,GAGTAACGTGGCTTGA-1,-3555.058619825437,1056.4630495418833
3810,TCATCGGCCTGTGCGG-1,-3553.4920570738923,1014.1767058750563
3811,TACTAGGATCAATGGC-1,-3551.9254943223473,971.8903622082295
3812,GATAGATGTTGAAGAT-1,-3550.5524417859665,929.5859157506196
3813,CACGGCTTACTCCGTT-1,-3548.9858790344215,887.2995720837927
3814,AACCAGAATCAGACGT-1,-3547.419316282877,845.0132284169658
3815,ACATCGTCGGTCTACC-1,-3545.852753531332,802.7268847501391
3816,GTTGACGTCAGATTAG-1,-3544.2930560424693,760.6520633156001
3817,ATCTTAGACGCCTACT-1,-3542.9200035060885,718.3476168579903
3818,TCACAAGGAGAACAAG-1,-3541.353440754544,676.0612731911635
3819,TCGCCGTATCATGCTT-1,-3539.786878002999,633.7749295243366
3820,ACATCTCGACAACCAC-1,-3538.220315251454,591.4885858575099
3821,TCAGTCATTGCAAGTG-1,-3536.653752499909,549.2022421906827
3822,CTTGCCGGAAGACGCA-1,-3535.2806999635286,506.89779573307305
3823,TGCCGGCATTATAGAT-1,-3533.714137211984,464.6114520662464
3824,ACCTAATGTTACCAAT-1,-3532.1475744604386,422.32510839941926
3866,GTCGCACGCAGCCTGC-1,-3600.1746220524797,1370.0648511684492
3867,AAGACAATCTCCTGCA-1,-3598.6080593009347,1327.7785075016225
3868,AATTGTAGAATCCTAG-1,-3597.04149654939,1285.4921638347955
3869,AATCCGCCGACCTGAG-1,-3595.6753092756917,1243.3992396094739
3870,ATCCGGATCGCCGTAT-1,-3594.108746524146,1201.112895942647
3871,CTAAGTCAAGATCATG-1,-3592.5421837726017,1158.8265522758202
3872,GTTATTCGGCCATTCG-1,-3590.975621021057,1116.540208608993
3873,TACAACGGACGGCTCA-1,-3589.4090582695117,1074.253864942166
3874,GGCAAGACAATCAGCT-1,-3588.036005733131,1031.9494184845562
3875,AACTTCAAGGATAATC-1,-3586.4694429815863,989.6630748177296
3876,ATTCTACGTGGCAGAT-1,-3584.902880230042,947.3767311509026
3877,TCCAGTCAGTACATTA-1,-3583.3363174784968,905.0903874840758
3878,CACGTTGCACATACCG-1,-3581.7766199896337,863.015566049537
3879,AGTGTCATGGTTGTGG-1,-3580.4035674532533,820.7111195919272
3880,TGACAGTACTATTCTA-1,-3578.837004701709,778.4247759251002
3881,TCCAGTACCGAGCGCA-1,-3577.2704419501633,736.1384322582732
3882,GTGGCGATCTGCGATA-1,-3575.7038791986183,693.8520885914465
3883,AATGTACTTAACATCA-1,-3574.137316447074,651.5657449246198
3884,GTAGCCGCACTCCATC-1,-3572.7642639106934,609.2612984670097
3885,GTCAGGTACGTGGCAT-1,-3571.197701159148,566.974954800183
3886,GCGAATTGGCTAGCCA-1,-3569.631138407604,524.6886111333558
3887,TATCCAATACCGCAAT-1,-3568.071440918741,482.6137896988174
3888,ATCGTAGCATGTAGAT-1,-3566.5048781671962,440.3274460319903
3889,AAGGCCAATTCAATAA-1,-3565.1318256308155,398.02299957438066
3929,TCTACATGAATCTGAT-1,-3634.5250604965545,1387.8556665687322
3930,GGAAGTCTTGTCGCAT-1,-3632.965363007692,1345.7808451341934
3931,CCGCGTATCGTTGCAG-1,-3631.592310471311,1303.4763986765838
3932,GAATTAACCTTCAATT-1,-3630.0257477197665,1261.1900550097569
3933,GGCGTCGGTAGTGATA-1,-3628.459184968222,1218.9037113429301
3934,TGGTACAAGACACTGA-1,-3626.8926222166765,1176.6173676761032
3935,CCGGATCTCCGAAGCG-1,-3625.3260594651315,1134.3310240092762
3936,TATGTAGAGCTGATCA-1,-3623.953006928751,1092.0265775516664
3937,ATTAGTTCACAGACTC-1,-3622.3864441772066,1049.7402338848397
3938,AGGAATTACGGTGACG-1,-3620.819881425661,1007.4538902180127
3939,GAACAAGGTCGAGCAA-1,-3619.260183936799,965.3790687834737
3940,AGCTGTTCCGGTGATT-1,-3617.693621185254,923.0927251166468
3941,TAGTCACTGGATAGGC-1,-3616.320568648873,880.7882786590371
3942,GCACCGAAGATGTCTA-1,-3614.7540058973277,838.5019349922103
3943,CAACTTGGTACGATGT-1,-3613.1874431457836,796.2155913253833
3944,AGATAACCAATACGCC-1,-3611.6208803942386,753.9292476585565
3945,TAGACCAGGATATCGG-1,-3610.0543176426936,711.6429039917298
3946,ATCTGACCGGAGTCCT-1,-3608.6812651063133,669.3384575341197
3947,GGTAGGTTGTTCTAAG-1,-3607.1147023547683,627.052113867293
3948,CTACAGGTAGAATTCC-1,-3605.5550048659056,584.977292432754
3949,CTTGTCAAGGCGTCAA-1,-3603.98844211436,542.6909487659275
3950,CATCCGTGCGGTCTAC-1,-3602.4218793628156,500.40460509910025
3951,TGGCCACTCCTGAGTG-1,-3601.048826826435,458.1001586414906
3952,ATGTAGAAGCGAATAG-1,-3599.4822640748903,415.8138149746635
3994,ATAATTAGTTCTACGG-1,-3667.5093116669314,1363.5535577436935
3995,AAGTACTAAGGTTACG-1,-3665.942748915386,1321.2672140768668
3996,ACTTAAGCCAGTAGGA-1,-3664.376186163841,1278.9808704100399
3997,CGGTCTAGATCGAATG-1,-3662.809623412297,1236.694526743213
3998,TCATCCATGCCAAGCG-1,-3661.436570875916,1194.3900802856033
3999,GTATACATTGGCTCAG-1,-3659.8700081243705,1152.1037366187766
4000,GGTACTGTGATCTTCC-1,-3658.3034453728264,1109.8173929519496
4001,TGCCTTAGGCGTCTAT-1,-3656.7437478839634,1067.7425715174109
4002,CTGGCCTTACCACTTA-1,-3655.1771851324183,1025.456227850584
4003,CTTCGCCGCAACATTA-1,-3653.8041325960376,983.151781392974
4004,ACTCTTGCGGAGAACC-1,-3652.237569844493,940.8654377261471
4005,GGCGGATACAACGCAC-1,-3650.671007092948,898.57909405932
4006,CGTGAGCTGTTATCGT-1,-3649.1044443414035,856.2927503924935
4007,TAAGCAAGTAATGTGG-1,-3647.5378815898584,814.0064067256665
4008,ATTGTTAAGTAGACTA-1,-3646.1648290534777,771.7019602680566
4009,TCGCTTGTTCCAGTTG-1,-3644.605131564615,729.6271388335178
4010,GACGTGGTGCTCCAGA-1,-3643.03856881307,687.3407951666911
4011,CGCACGTATGAAGGCC-1,-3641.472006061525,645.0544514998641
4012,GGCAGCTCCTGGACGG-1,-3639.9054433099805,602.768107833037
4013,CGACGCAACATGGCGA-1,-3638.5323907735997,560.4636613754274
4014,CCGATTAGCGAGTGTA-1,-3636.965828022055,518.1773177086006
4015,GGTTACCAGACAACAT-1,-3635.39926527051,475.8909740417735
4016,TGCTATAATGTCGCTG-1,-3633.832702518965,433.6046303749468
4057,GATCTTGTCATGATCT-1,-3701.859750111006,1381.344373143977
4058,TCGAATCTTGCGTTAC-1,-3700.293187359461,1339.0580294771498
4059,GCGATGTACTGCTATT-1,-3698.726624607916,1296.7716858103229
4060,GTTGCCACGACAAGAA-1,-3697.353572071536,1254.467239352713
4061,CGTCCATCCTAGCATC-1,-3695.7938745826727,1212.3924179181745
4062,GGCCGTCCAGTAGGAC-1,-3694.227311831128,1170.1060742513475
4063,TAGTTGAGTTCTGCAC-1,-3692.660749079583,1127.8197305845206
4064,GTTCGCTGGTATTAGA-1,-3691.094186328038,1085.5333869176936
4065,TATTCGTTATCGCCTG-1,-3689.7211337916574,1043.228940460084
4066,GGAGATGCGTGCAGTA-1,-3688.154571040113,1000.942596793257
4067,GAACTCCTCATACATA-1,-3686.5880082885683,958.6562531264302
4068,GTTCCGTCTTATCTTA-1,-3685.0214455370233,916.3699094596034
4069,TGACCAAGTAAGGACC-1,-3683.4548827854783,874.0835657927764
4070,AACTCACGGAGTACGT-1,-3682.0886955117794,831.9906415674545
4071,TCGGACGGCCGAGGAA-1,-3680.522132760235,789.7042979006276
4072,GATAAGTTGGCGATTA-1,-3678.95557000869,747.4179542338007
4073,CGGTCTGCGTATCTGG-1,-3677.389007257145,705.131610566974
4074,AGCAGGTGCAATGGTT-1,-3675.8224445056007,662.8452669001474
4075,CTATGCCATGCGGACA-1,-3674.44939196922,620.5408204425373
4076,TGTAATGCACTACGAG-1,-3672.8828292176745,578.2544767757106
4077,AGACCGGACTGTCCAT-1,-3671.3162664661295,535.9681331088834
4078,AGTGTTCGAGGATGAA-1,-3669.7497037145854,493.6817894420568
4079,AGACCGGTATCCGTGG-1,-3668.190006225722,451.6069680075179
4121,GATGACTCTGAATCTT-1,-3736.210188555081,1399.1351885442598
4122,TCAACATGGATACAAC-1,-3734.8371360187,1356.8307420866502
4123,GATATGCTCACGTTAC-1,-3733.2774385298376,1314.755920652111
4124,ATAGTTAAGCCTGCCG-1,-3731.7108757782926,1272.4695769852842
4125,AACCTTAGCGTCCGGT-1,-3730.1443130267476,1230.1832333184575
4126,GTAGCAGAGCAATAGC-1,-3728.577750275203,1187.8968896516305
4127,TCAAGTGATGGTTAAT-1,-3727.2046977388222,1145.5924431940207
4128,GTTGCTACGTCTTAAT-1,-3725.6381349872777,1103.3060995271937
4129,AGGAGCCGCTGAGTAG-1,-3724.0715722357327,1061.0197558603668
4130,CTATCGTTACAACCTT-1,-3722.5050094841877,1018.7334121935403
4131,TAGGCTTATCTAGCTC-1,-3720.9384467326427,976.4470685267133
4132,TAGATGTCGAGGCCAG-1,-3719.5722594589442,934.3541443013917
4133,ATGTACCGATCCAGAA-1,-3718.0056967073997,892.0678006345647
4134,GATTGACTCCATGCGA-1,-3716.4391339558542,849.7814569677378
4135,TAGTAAGCGGTGGATA-1,-3714.87257120431,807.4951133009109
4136,CCTGGATTGCGTAACA-1,-3713.306008452765,765.208769634084
4137,ATGTTCGCAGAAGTCT-1,-3711.9329559163843,722.9043231764739
4138,CCGCAATCCGTGGTTG-1,-3710.36639316484,680.6179795096473
4139,TCTTGCTGTCCTAGGC-1,-3708.799830413295,638.3316358428206
4140,CTAATTATGTTGCCGC-1,-3707.23326766175,596.0452921759934
4141,TCGGCGACCTCGCTGA-1,-3705.6735701728867,553.970470741455
4142,GCTCCGGCAACATGAT-1,-3704.3005176365064,511.6660242838449
4143,CACGCTTATCAATCTT-1,-3702.7339548849613,469.3796806170182
4144,ATGCCGTCGATAAGAC-1,-3701.167392133417,427.0933369501911
4145,AAGGCCTCGCGAGGAA-1,-3699.600829381872,384.80699328336397
4185,ATCTTAGATAGGTTCA-1,-3769.1944397254574,1374.8330797192211
4186,TGTATGATTGTAGGTG-1,-3767.6278769739124,1332.5467360523944
4187,TATTAAGCAGCGCCGG-1,-3766.0613142223674,1290.2603923855675
4188,TAATTGATTCTGTCGC-1,-3764.4947514708233,1247.9740487187407
4189,GGCCGCCAACTATTGC-1,-3763.1216989344425,1205.6696022611309
4190,CAGGCCAACAGCGAGT-1,-3761.555136182897,1163.3832585943042
4191,GCCGGCAATAGGCAGG-1,-3759.9885734313525,1121.096914927477
4192,ATCTGAAGTATGCACG-1,-3758.422010679808,1078.81057126065
4193,TCAGCGCCTAGTCTTA-1,-3756.8623131909444,1036.7357498261113
4194,CAGCGATAACTGAACC-1,-3755.4892606545636,994.4313033685014
4195,CGCTGCGAGTCCACAT-1,-3753.9226979030195,952.1449597016745
4196,TCAAGGACGTTAGGAG-1,-3752.3561351514745,909.8586160348477
4197,ATACGACATCTAGACC-1,-3750.78957239993,867.5722723680209
4198,AATGCCGACGAGCAAC-1,-3749.223009648385,825.285928701194
4199,CTCAATTGGCGATTCC-1,-3747.849957112004,782.9814822435842
4200,ACAACGTGGAGCTACT-1,-3746.283394360459,740.6951385767572
4201,CATATTCATCCGCATT-1,-3744.7168316089146,698.4087949099301
4202,CACTCAATGGTTCGGA-1,-3743.1571341200515,656.3339734753916
4203,CTGGAAGTCTAAGCTC-1,-3741.590571368507,614.0476298085645
4204,TCTACTCGAGCAGAGG-1,-3740.217518832126,571.7431833509548
4205,GTAGCAGAAGACTCTT-1,-3738.6509560805816,529.4568396841282
4206,CACGACCTCCGTCATA-1,-3737.084393329036,487.17049601730105
4207,CTAGTTCTACATGACG-1,-3735.5178305774916,444.8841523504744
4249,GTCAGGATCAACCAAC-1,-3803.5448781695327,1392.6238951195044
4250,TGCTTAGTTGACTTAC-1,-3801.9783154179877,1350.3375514526774
4251,CTTGTCAGTTCGGTAA-1,-3800.605262881607,1308.0331049950676
4252,AATCTTAGCCTCTGTC-1,-3799.038700130062,1265.7467613282406
4253,GCCTGTGATAGATTGG-1,-3797.4721373785173,1223.4604176614139
4254,TCTTGCACTGGTGCTC-1,-3795.9055746269723,1181.1740739945872
4255,TGACCTGTCTATCTCG-1,-3794.3458771381092,1139.099252560048
4256,CTAGCATAGAGCGAGC-1,-3792.972824601729,1096.7948061024385
4257,ACGGCCGTGACATTAA-1,-3791.406261850184,1054.5084624356114
4258,GTGCCGCATCCTTCCT-1,-3789.8396990986394,1012.2221187687844
4259,TAGCAATTATGGACCG-1,-3788.2731363470944,969.9357751019576
4260,TAACCGGATGGACAGG-1,-3786.7065735955493,927.6494314351307
4261,AAGATATTGGACGTCC-1,-3785.3335210591686,885.3449849775209
4262,CGACTAATGTTAGGCT-1,-3783.766958307624,843.0586413106942
4263,ATCGAACATGCTAAGC-1,-3782.2003955560795,800.7722976438672
4264,AAGATAGGCTTGCTTA-1,-3780.6406980672164,758.6974762093284
4265,CAGAGTCATGTACAGG-1,-3779.0741353156714,716.4111325425016
4266,CATCAGTAATCAGACA-1,-3777.701082779291,674.1066860848915
4267,TGAACGGATTCAAGTT-1,-3776.1345200277465,631.8203424180649
4268,CGGCATGGCCGCTTGT-1,-3774.567957276201,589.5339987512377
4269,GCTTACCTCGTGCTAT-1,-3773.001394524656,547.247655084411
4270,CCTCTAGCTGGTCCGC-1,-3771.434831773112,504.96131141758434
4271,GCCAGTTAATTCTTGC-1,-3770.061779236731,462.65686495997426
4313,CCTATGATGGTCAATG-1,-3836.5222640772267,1368.1102640621775
4314,AAGCCAGGCTGCTTGA-1,-3834.9557013256817,1325.8239203953506
4315,AACATCTAATGACCGG-1,-3833.389138574137,1283.5375767285236
4316,GTATTCCGCTCGGATG-1,-3831.829441085274,1241.462755293985
4317,CAGTTGCAACCGAGAT-1,-3830.2628783337295,1199.1764116271581
4318,AGTCGTTGCCTTACCT-1,-3828.8898257973487,1156.8719651695483
4319,GTCGCATTACCAGGCA-1,-3827.323263045804,1114.5856215027213
4320,TCCAATAACGTGCTAG-1,-3825.7567002942587,1072.2992778358948
4321,TCGCTTACTCGCAAGT-1,-3824.190137542714,1030.0129341690676
4322,GTCTGCTCAACACCAA-1,-3822.623574791169,987.7265905022409
4323,ACTATTACCAGGTGCT-1,-3821.250522254789,945.4221440446311
4324,ATTCTTGAGGCGACGC-1,-3819.6908247659258,903.3473226100921
4325,GTATGTTCTGGATCGC-1,-3818.1242620143807,861.0609789432651
4326,GGACGTTAGATTCAGG-1,-3816.5576992628366,818.7746352764382
4327,GAACAGATCCGCTAGA-1,-3814.991136511291,776.4882916096115
4328,GTGAGCACCAGCATCC-1,-3813.6180839749104,734.1838451520018
4329,CTTGGACAGGTTAGAA-1,-3812.0515212233654,691.8975014851749
4330,CATGCACGCCGACGGA-1,-3810.4849584718213,649.6111578183481
4331,TCTAGCGACACCGAGC-1,-3808.9183957202763,607.324814151521
4332,TAGGCAGGCGGACGCC-1,-3807.3518329687313,565.0384704846939
4333,GTAGACCAGAATACTC-1,-3805.985645695033,522.9455462593725
4376,TGTAATGCCTAACACC-1,-3872.4392652728466,1428.1874231292873
4377,CGATTAACTAATCTTA-1,-3870.879567783984,1386.1126016947485
4378,CATCGGTAGCGTCCGA-1,-3869.313005032439,1343.8262580279215
4379,TCCTGCCGTGTCTAAG-1,-3867.746442280894,1301.539914361095
4380,GCGACGTAGAGCGTTA-1,-3866.3733897445136,1259.2354679034852
4381,CTTGAGTCCAAGGCTG-1,-3864.8068269929686,1216.9491242366582
4382,TATTGATCTACTTCGG-1,-3863.2402642414236,1174.6627805698313
4383,TGTCACAGACGTATCC-1,-3861.6737014898786,1132.3764369030046
4384,AGGTTACATTCCACGC-1,-3860.1071387383345,1090.0900932361774
4385,GCACCTAGTAATTATC-1,-3858.7340862019537,1047.7856467785678
4386,GAAGCGTCCATAGTTG-1,-3857.17438871309,1005.710825344029
4387,ATGTACCATTATTGTC-1,-3855.607825961546,963.4244816772023
4388,AACCGTGCTTATGTTG-1,-3854.041263210001,921.1381380103753
4389,CGCACTCACCAGCACG-1,-3852.4747004584556,878.8517943435485
4390,TATGGATATGGTGCGA-1,-3851.101647922075,836.5473478859384
4391,CAACCGTTAACAGACC-1,-3849.5350851705307,794.2610042191116
4392,CACCTATTACTCAGAT-1,-3847.9685224189857,751.9746605522846
4393,GCCTCATGCGAGCAGG-1,-3846.4019596674407,709.6883168854581
4394,ACATGTTCCACTGATA-1,-3844.835396915896,667.4019732186309
4395,CCTATCTATCAATCGC-1,-3843.4692096421973,625.3090489933095
4396,GGTCTGAGATCCGCCA-1,-3841.9026468906522,583.0227053264824
4397,AGCGACATTCGATCTG-1,-3840.3360841391077,540.7363616596554
4439,CCTCCGAAGCTGTACC-1,-3906.7965689796033,1446.189760761859
4440,TGCGCCTCTTCGGCGA-1,-3905.2300062280588,1403.9034170950317
4441,AGATCATTCACGCTGT-1,-3903.663443476514,1361.6170734282048
4442,GTATCTGTGGCGTCTA-1,-3902.2903909401334,1319.312626970595
4443,CATCGGATCCTACCTG-1,-3900.723828188588,1277.026283303768
4444,ATCTGATACTTCATTA-1,-3899.157265437044,1234.7399396369412
4445,ACGGTCGGACAGGCGA-1,-3897.590702685499,1192.4535959701143
4446,CGCTACTCAGCCATAG-1,-3896.024139933954,1150.1672523032876
4447,TCAGTGAAGAGTTCTA-1,-3894.6579526602554,1108.074328077966
4448,GCACATGCCGGTCTGG-1,-3893.0913899087104,1065.787984411139
4449,CCATGGTTCCAATGTC-1,-3891.5248271571654,1023.501640744312
4450,GTCTAGCGTTGTGACC-1,-3889.9582644056204,981.2152970774852
4451,TATGCCACAGCCGGTG-1,-3888.391701654076,938.9289534106582
4452,CACCTACATGATTGAT-1,-3887.018649117695,896.6245069530486
4453,CTGGAAGGCAACCGGA-1,-3885.4520863661505,854.3381632862217
4454,TCTTGCACGTCTAATG-1,-3883.8855236146055,812.0518196193948
4455,AGCGCATCGTGGTCGA-1,-3882.3189608630605,769.7654759525678
4456,AACTATCGTCATAGTC-1,-3880.759263374198,727.6906545180289
4457,GACTACGCCTATAGCC-1,-3879.386210837817,685.386208060419
4458,TGCGGACCATGGTACC-1,-3877.819648086272,643.0998643935925
4459,ATTATCCATTGTGACA-1,-3876.2530853347275,600.8135207267653
4460,GACATCACCGTTGCGT-1,-3874.6865225831825,558.5271770599386
4502,TGTAATCGAGACTGGC-1,-3942.7135701752236,1506.2669198289686
4503,AGGTGAATCCACAACC-1,-3941.147007423678,1463.980576162142
4504,AAGGCGCCGACAATCT-1,-3939.7739548872974,1421.676129704532
4505,TACGTGGCATCATATG-1,-3938.2073921357533,1379.389786037705
4506,GCAACAGCTCCTATGA-1,-3936.6408293842082,1337.1034423708782
4507,GTTCTACTTATGGTAG-1,-3935.0742666326637,1294.8170987040512
4508,CAGAGGCGAATTGCCA-1,-3933.5077038811187,1252.5307550372245
4509,CGAGCGTATGCCAGCG-1,-3932.14151660742,1210.4378308119026
4510,TCGTATTAGATCCGGT-1,-3930.574953855875,1168.1514871450756
4511,ATTGGCCTAGGAATCG-1,-3929.0083911043303,1125.865143478249
4512,CCTAATCGGCAGTCAC-1,-3927.4418283527853,1083.578799811422
4513,CATGGTGAGGCAGCAT-1,-3925.8752656012407,1041.2924561445952
4514,CGACAATTCGTCATGT-1,-3924.50221306486,998.9880096869853
4515,ATAGTGTCAGATGTAG-1,-3922.9356503133154,956.7016660201583
4516,GGTAGCGTACATCTGT-1,-3921.36908756177,914.4153223533315
4517,CCACAGGAAGATGTGC-1,-3919.8025248102253,872.1289786865048
4518,ATTGCCTGATGTGCGG-1,-3918.2428273213623,830.0541572519658
4519,TCCTGCTACATGCAGA-1,-3916.869774784982,787.7497107943561
4520,AAGGTGCCGCTAAGGT-1,-3915.303212033437,745.4633671275293
4521,ATGCTCATGCCTGCCT-1,-3913.736649281892,703.1770234607025
4522,AGCTCACTATGCAGTT-1,-3912.170086530348,660.8906797938753
4523,CTATCCATAATCGATA-1,-3910.6035237788024,618.6043361270486
4524,CTTCAATCGTACTACG-1,-3909.2304712424216,576.2998896694385
4566,AGATGCACGTAGGTGC-1,-3975.6909560829176,1481.7532887716418
4567,TCTAGCTTATTCGCCA-1,-3974.124393331373,1439.466945104815
4568,TACATTGACTGAGTCC-1,-3972.557830579828,1397.1806014379881
4569,ATTGCGTAGTTAGGAG-1,-3970.991267828283,1354.8942577711614
4570,TCTGATCATAATGATT-1,-3969.4315703394204,1312.8194363366226
4571,GCGAGCTAACTCCTAG-1,-3968.0585178030396,1270.5149898790128
4572,CACGCCACTCCTTCAT-1,-3966.491955051495,1228.2286462121858
4573,CGAGGACGTAATAGGC-1,-3964.92539229995,1185.9423025453586
4574,TGGTTGGTATCGGCAT-1,-3963.358829548405,1143.6559588785317
4575,ATCAAGGAGCTTACAT-1,-3961.792266796861,1101.3696152117054
4576,GTTGACTTCTATGCTG-1,-3960.41921426048,1059.0651687540953
4577,GACTTGAAGCCATAGC-1,-3958.8526515089347,1016.7788250872684
4578,TGACCATCCATCTGCT-1,-3957.2929540200716,974.7040036527296
4579,TCATTCACGCGAGCTC-1,-3955.7263912685275,932.4176599859027
4580,TGCACGGCTGGTAAGG-1,-3954.159828516982,890.1313163190758
4581,AGCCTACGGTGACCAA-1,-3952.7867759806013,847.826869861466
4582,AATTGAATTCACTAGA-1,-3951.220213229057,805.540526194639
4583,GTGCCACCTTGAGCAT-1,-3949.653650477512,763.2541825278124
4584,GAGCTGCGGTGGTAAT-1,-3948.0870877259667,720.9678388609855
4585,TATGCGTACCTGAGTC-1,-3946.520524974422,678.6814951941585
4586,GGTCTTGCACGTTGCG-1,-3945.147472438042,636.3770487365484
4587,CGTGGCTACATCCATT-1,-3943.5877749491788,594.30222730201
4588,TAGACATTGACTTGCA-1,-3942.0212121976338,552.015883635183
4631,AATTATACCTCAATGA-1,-4008.48169703813,1457.469282737386
4632,CGACGCCGGAGTTGAG-1,-4006.915134286585,1415.1829390705593
4633,AGCTGTTGAAGGCCTT-1,-4005.5420817502045,1372.8784926129492
4634,ATTGGCGAATTGCACT-1,-4003.9755189986595,1330.5921489461225
4635,CTATGCCATTGGAGAA-1,-4002.4089562471145,1288.3058052792958
4636,TAACGAGCGTCTGGCC-1,-4000.8423934955704,1246.0194616124688
4637,CTGGCACTTCTGCGTC-1,-3999.275830744025,1203.7331179456419
4638,CGAGTCTTGTACTGCC-1,-3997.902778207644,1161.4286714880323
4639,CTTAGCTACCATCTCA-1,-3996.336215456099,1119.1423278212053
4640,CTGTGCGTGAGCCGTC-1,-3994.776517967237,1077.0675063866663
4641,CCGAAGCCAGGTTCAG-1,-3993.209955215692,1034.7811627198394
4642,TGCCTATGGACTGGTC-1,-3991.643392464147,992.4948190530124
4643,GTCCTTATACATTACG-1,-3990.2703399277666,950.1903725954028
4644,ATTAGATTCGTACTCA-1,-3988.7037771762216,907.9040289285759
4645,AGATCTAACGAGCTCA-1,-3987.1372144246766,865.617685261749
4646,AATGAAGAGGATGTAT-1,-3985.5706516731316,823.3313415949222
4647,GCTAACAGATTGGTAG-1,-3984.004088921587,781.0449979280952
4648,ATTATCGAAGCCTAAG-1,-3982.6310363852062,738.7405514704856
4649,AATCCGACCACGGTCC-1,-3981.0713388963436,696.6657300359466
4650,GGTGCGCAACTAACGG-1,-3979.5047761447986,654.3793863691195
4651,TACGGATCTTGCGATG-1,-3977.938213393254,612.0930427022929
4652,ATCGTACCGCGTACGC-1,-3976.371650641709,569.8066990354662
4694,TCGTCATCGTACCAAT-1,-4042.8321354822046,1475.2600981376693
4695,TACAAGTTATACGCTG-1,-4041.459082945824,1432.9556516800594
4696,TATGTCTAAGACGCAA-1,-4039.8925201942798,1390.6693080132325
4697,AGGATTCCTTGCTGCG-1,-4038.3259574427348,1348.3829643464055
4698,GCAATCAACTCCAGAT-1,-4036.7593946911893,1306.0966206795788
4699,GCACCTTAATCGGATA-1,-4035.1928319396447,1263.810277012752
4700,GAACCTTAGTTGATTA-1,-4033.8197794032644,1221.505830555142
4701,CGGAGCCATCTGGATA-1,-4032.2600819144013,1179.4310091206034
4702,TGGCGAATTCTATGGT-1,-4030.6935191628563,1137.1446654537765
4703,TGTAGCCGTACATAAC-1,-4029.1269564113118,1094.8583217869495
4704,CCAACTGGAGATTCAT-1,-4027.5603936597668,1052.5719781201226
4705,TGAGTACGCTGCTCAG-1,-4026.187341123386,1010.2675316625127
4706,ACCAAGGCTTCGCTAG-1,-4024.620778371842,967.9811879956857
4707,CTCATATGTAACCGTG-1,-4023.0542156202964,925.6948443288593
4708,CTACCTGTAATAAGCA-1,-4021.487652868752,883.4085006620323
4709,AACCATGAATTGCCTT-1,-4019.921090117207,841.1221569952052
4710,TGGTACTGACCGCTGC-1,-4018.5549028435084,799.0292327698835
4711,AGGAGCATCTTAACTC-1,-4016.9883400919634,756.7428891030567
4712,AGGTACTCTGCCACCG-1,-4015.4217773404184,714.4565454362297
4713,GAGGATGAGGATCCTC-1,-4013.8552145888734,672.1702017694029
4714,ATGTTACGCCATTCCT-1,-4012.288651837329,629.8838581025757
4759,ACATCTACCTGTTCTA-1,-4075.809521389899,1450.7464670803427
4760,ACTGATACCTTCACTA-1,-4074.242958638354,1408.4601234135155
4761,GGATTCGTGGTAATCA-1,-4072.6763958868096,1366.1737797466885
4762,AGCCGTAGACTCTGAA-1,-4071.303343350429,1323.869333289079
4763,TGTCACTAGCTCAGAC-1,-4069.743645861566,1281.79451185454
4764,GCTACCTAGTCCGTTC-1,-4068.177083110021,1239.5081681877132
4765,GTGACTATGGCATGGA-1,-4066.6105203584766,1197.2218245208862
4766,CTATTACCGTCATATT-1,-4065.0439576069316,1154.9354808540595
4767,GAGCAGACTAGTGGTA-1,-4063.6709050705513,1112.6310343964496
4768,ACTGAGCGATTACTAA-1,-4062.104342319006,1070.344690729623
4769,AGAAGCAATGAGGAAC-1,-4060.5377795674613,1028.058347062796
4770,GTACCTACAATACGAA-1,-4058.9712168159163,985.772003395969
4771,TCGCGACGTGGTAAGT-1,-4057.404654064372,943.4856597291421
4772,CGCTATAGCGATCGCC-1,-4056.0384667906733,901.3927355038202
4773,TGTAGGCAGGTCTAGC-1,-4054.471904039128,859.1063918369932
4774,ACCTCCGATTATAAGA-1,-4052.9053412875833,816.8200481701666
4775,GAGCATCTCCAGTCTG-1,-4051.3387785360387,774.5337045033398
4776,TGCAGAGCCTTGCCGG-1,-4049.7722157844933,732.2473608365128
4777,ATAGTCGCTAAGGTAT-1,-4048.3991632481125,689.9429143789032
4778,GCCTGTTAACGGACGA-1,-4046.8326004965684,647.656570712076
4822,GTTGAACTACCGTTCA-1,-4110.159959833974,1468.5372824806257
4823,ACCTGTGGCGCTGCAA-1,-4108.59339708243,1426.2509388137987
4824,TCGGAGGCTGTAGTTG-1,-4107.227209808731,1384.1580145884768
4825,GTCAGTGCAGCGTTGT-1,-4105.660647057186,1341.87167092165
4826,CATAGACGAGGTATTA-1,-4104.094084305641,1299.5853272548231
4827,ACTATCAAGGACGGAA-1,-4102.527521554096,1257.2989835879962
4828,ACTGATACAGAACGTC-1,-4100.960958802551,1215.0126399211695
4829,TATCCGTAAGCCAGCG-1,-4099.587906266171,1172.7081934635594
4830,TAATAGGCTTGCTGAA-1,-4098.021343514626,1130.4218497967327
4831,ATGCTGACAGTTACAT-1,-4096.4547807630815,1088.135506129906
4832,CTTCAAGTAACAGCTT-1,-4094.888218011536,1045.849162463079
4833,TAGACCAGGTACGATC-1,-4093.328520522673,1003.7743410285402
4834,GGAAGCTGAGATAAGG-1,-4091.9554679862927,961.4698945709304
4835,GTACGCCATAGATGGT-1,-4090.388905234748,919.1835509041034
4836,GTGACAATTGCGATAA-1,-4088.822342483203,876.8972072372766
4837,TACAAGCGCCATCGGA-1,-4087.255779731658,834.6108635704497
4838,GTGGATTAACAGCGGT-1,-4085.6892169801135,792.324519903623
4839,GGTTGACCAAGACATG-1,-4084.3161644437328,750.0200734460132
4840,GATCACGAACGTTGAG-1,-4082.749601692188,707.7337297791862
4841,GTACCTGTCTTACTGT-1,-4081.189904203325,665.6589083446476
4887,TCGCACTTCAGTGACA-1,-4143.144211004351,1444.235173655587
4888,AACTGCGATGAATAGG-1,-4141.577648252805,1401.94882998876
4889,CGCTGACGGCACATGA-1,-4140.011085501261,1359.662486321933
4890,CAACAGCCGCCTTGAG-1,-4138.444522749716,1317.3761426551064
4891,ACTCAGTAGATACAAT-1,-4137.0714702133355,1275.0716961974965
4892,AGGATGCTCGACAGTC-1,-4135.504907461791,1232.7853525306696
4893,CAATAAGGTAGCGATG-1,-4133.9383447102455,1190.4990088638424
4894,GGCATACTATTGCACT-1,-4132.378647221382,1148.4241874293039
4895,GGACGTTACGTACATC-1,-4130.812084469838,1106.137843762477
4896,TCTTGCCGGAGCCAGA-1,-4129.439031933457,1063.833397304867
4897,AAGATTGACACTCGAT-1,-4127.8724691819125,1021.5470536380401
4898,ATCTTAAGCTCCTTGA-1,-4126.305906430368,979.2607099712135
4899,GTGCTCGCTTGATCGG-1,-4124.7393436788225,936.9743663043866
4900,AATTCTAACATCGTGC-1,-4123.172780927278,894.6880226375597
4901,GATCGTTGGAATGACA-1,-4121.799728390898,852.3835761799498
4902,TCTTGCATAGACAATA-1,-4120.233165639353,810.0972325131229
4903,CGACTATTGGTACTAT-1,-4118.6734681504895,768.0224110785841
4904,TGTCAACTTATTCAAT-1,-4117.106905398945,725.7360674117573
4905,TATTGAATTAAGCGTT-1,-4115.5403426474,683.4497237449305
4906,ACCTCCACAGAACTCA-1,-4114.16729011102,641.1452772873208
4951,CTTACGCTACGTAAGC-1,-4175.928086696881,1419.739645389043
4952,TCGGTATCTAGTATAC-1,-4174.361523945336,1377.453301722216
4953,ATCCGGCGTAGTCTGA-1,-4172.988471408955,1335.1488552646063
4954,TCGCCTAATGACCGGT-1,-4171.421908657411,1292.8625115977798
4955,CGATGCCGACCGTGAC-1,-4169.862211168547,1250.7876901632405
4956,GGACTCTGAACCTGAG-1,-4168.295648417003,1208.501346496414
4957,TACACGAACAGCTACT-1,-4166.729085665458,1166.215002829587
4958,AATTCTTGCATTGGTC-1,-4165.356033129077,1123.910556371977
4959,AGTGCAGCTTCATCGG-1,-4163.789470377532,1081.62421270515
4960,AGACTGGAACCGTTGG-1,-4162.222907625988,1039.3378690383233
4961,TCTTGAGCGGCAACGC-1,-4160.656344874443,997.0515253714964
4962,GCCGAATCCACGACTC-1,-4159.089782122897,954.7651817046697
4963,ATGATAATGCACGCAC-1,-4157.7167295865165,912.4607352470598
4964,TGACCATCCGCCACGT-1,-4156.157032097654,870.385913812521
4965,TAGAACATGATTAACA-1,-4154.59046934611,828.0995701456941
4966,AGCGGATCGCGGACAG-1,-4153.023906594565,785.8132264788673
4967,ACGTGAAGGTCGCCTC-1,-4151.45734384302,743.5268828120404
4968,CTGATTGCTTCTAGAA-1,-4150.084291306639,701.2224363544306
4969,ATTACTTAACCACTTC-1,-4148.517728555094,658.9360926876036
